k,type,score,label
2,Kmeans,0.700151,0
2,Kmeans,0.952375,1
2,Kmeans,0.600088,0
2,Kmeans,0.635733,0
2,Kmeans,0.76937,0
2,Kmeans,0.673461,0
2,Kmeans,0.798837,0
2,Kmeans,0.527405,0
2,Kmeans,0.91715,1
2,Kmeans,0.951869,1
2,Kmeans,0.79981,0
2,Kmeans,0.894206,1
2,Kmeans,0.607427,0
2,Kmeans,0.800032,0
2,Kmeans,0.952562,1
2,Kmeans,0.594711,0
2,Kmeans,0.934746,1
2,Kmeans,0.952969,1
2,Kmeans,0.952194,1
2,Kmeans,0.794868,0
2,Kmeans,0.941762,1
2,Kmeans,0.729401,0
2,Kmeans,0.560225,0
2,Kmeans,0.938253,1
2,Kmeans,0.762543,0
2,Kmeans,0.950608,1
2,Kmeans,0.659778,0
2,Kmeans,0.941197,1
2,Kmeans,0.65507,0
2,Kmeans,0.435675,0
2,Kmeans,0.709628,0
2,Kmeans,0.773104,0
2,Kmeans,0.947818,1
2,Kmeans,0.795802,0
2,Kmeans,0.797946,0
2,Kmeans,0.747623,0
2,Kmeans,0.80008,0
2,Kmeans,0.797557,0
2,Kmeans,0.886803,1
2,Kmeans,0.753611,0
2,Kmeans,0.786058,0
2,Kmeans,0.791067,0
2,Kmeans,0.949398,1
2,Kmeans,0.77831,0
2,Kmeans,0.673495,0
2,Kmeans,0.952948,1
2,Kmeans,0.514197,0
2,Kmeans,0.89419,1
2,Kmeans,0.788122,0
2,Kmeans,0.366825,0
2,Kmeans,0.920594,1
2,Kmeans,0.951546,1
2,Kmeans,0.697696,0
2,Kmeans,0.793171,0
2,Kmeans,0.798876,0
2,Kmeans,0.790784,0
2,Kmeans,0.613746,0
2,Kmeans,0.539831,0
2,Kmeans,0.559967,0
2,Kmeans,0.642813,0
2,Kmeans,0.445919,0
2,Kmeans,0.934773,1
2,Kmeans,0.780168,0
2,Kmeans,0.596284,0
2,Kmeans,0.795586,0
2,Kmeans,0.76866,0
2,Kmeans,0.942046,1
2,Kmeans,0.903211,1
2,Kmeans,0.952836,1
2,Kmeans,0.798254,0
2,Kmeans,0.721633,0
2,Kmeans,0.799534,0
2,Kmeans,0.788846,0
2,Kmeans,0.712573,0
2,Kmeans,0.474565,0
2,Kmeans,0.71917,0
2,Kmeans,0.91743,1
2,Kmeans,0.775531,0
2,Kmeans,0.596062,0
2,Kmeans,0.767744,0
2,Kmeans,0.938603,1
2,Kmeans,0.800026,0
2,Kmeans,0.874472,1
2,Kmeans,0.766,0
2,Kmeans,0.896796,1
2,Kmeans,0.797946,0
2,Kmeans,0.766372,0
2,Kmeans,0.937118,1
2,Kmeans,0.925482,1
2,Kmeans,0.951901,1
2,Kmeans,0.752162,0
2,Kmeans,0.614462,0
2,Kmeans,0.750874,0
2,Kmeans,0.72225,0
2,Kmeans,0.932761,1
2,GMM,0.700151,0
2,GMM,0.952375,1
2,GMM,0.600088,0
2,GMM,0.635733,0
2,GMM,0.76937,0
2,GMM,0.673461,0
2,GMM,0.798837,0
2,GMM,0.527405,0
2,GMM,0.91715,1
2,GMM,0.951869,1
2,GMM,0.79981,0
2,GMM,0.894206,1
2,GMM,0.607427,0
2,GMM,0.800032,0
2,GMM,0.952562,1
2,GMM,0.594711,0
2,GMM,0.934746,1
2,GMM,0.952969,1
2,GMM,0.952194,1
2,GMM,0.794868,0
2,GMM,0.941762,1
2,GMM,0.729401,0
2,GMM,0.560225,0
2,GMM,0.938253,1
2,GMM,0.762543,0
2,GMM,0.950608,1
2,GMM,0.659778,0
2,GMM,0.941197,1
2,GMM,0.65507,0
2,GMM,0.435675,0
2,GMM,0.709628,0
2,GMM,0.773104,0
2,GMM,0.947818,1
2,GMM,0.795802,0
2,GMM,0.797946,0
2,GMM,0.747623,0
2,GMM,0.80008,0
2,GMM,0.797557,0
2,GMM,0.886803,1
2,GMM,0.753611,0
2,GMM,0.786058,0
2,GMM,0.791067,0
2,GMM,0.949398,1
2,GMM,0.77831,0
2,GMM,0.673495,0
2,GMM,0.952948,1
2,GMM,0.514197,0
2,GMM,0.89419,1
2,GMM,0.788122,0
2,GMM,0.366825,0
2,GMM,0.920594,1
2,GMM,0.951546,1
2,GMM,0.697696,0
2,GMM,0.793171,0
2,GMM,0.798876,0
2,GMM,0.790784,0
2,GMM,0.613746,0
2,GMM,0.539831,0
2,GMM,0.559967,0
2,GMM,0.642813,0
2,GMM,0.445919,0
2,GMM,0.934773,1
2,GMM,0.780168,0
2,GMM,0.596284,0
2,GMM,0.795586,0
2,GMM,0.76866,0
2,GMM,0.942046,1
2,GMM,0.903211,1
2,GMM,0.952836,1
2,GMM,0.798254,0
2,GMM,0.721633,0
2,GMM,0.799534,0
2,GMM,0.788846,0
2,GMM,0.712573,0
2,GMM,0.474565,0
2,GMM,0.71917,0
2,GMM,0.91743,1
2,GMM,0.775531,0
2,GMM,0.596062,0
2,GMM,0.767744,0
2,GMM,0.938603,1
2,GMM,0.800026,0
2,GMM,0.874472,1
2,GMM,0.766,0
2,GMM,0.896796,1
2,GMM,0.797946,0
2,GMM,0.766372,0
2,GMM,0.937118,1
2,GMM,0.925482,1
2,GMM,0.951901,1
2,GMM,0.752162,0
2,GMM,0.614462,0
2,GMM,0.750874,0
2,GMM,0.72225,0
2,GMM,0.932761,1
3,Kmeans,0.662375,2
3,Kmeans,0.943678,1
3,Kmeans,0.726605,0
3,Kmeans,0.728273,0
3,Kmeans,0.5818,0
3,Kmeans,0.721352,0
3,Kmeans,0.03712,2
3,Kmeans,0.701493,0
3,Kmeans,0.900501,1
3,Kmeans,0.943107,1
3,Kmeans,0.215976,0
3,Kmeans,0.872277,1
3,Kmeans,0.727963,0
3,Kmeans,0.113453,0
3,Kmeans,0.943768,1
3,Kmeans,0.725239,0
3,Kmeans,0.922018,1
3,Kmeans,0.944315,1
3,Kmeans,0.943305,1
3,Kmeans,0.280953,2
3,Kmeans,0.931519,1
3,Kmeans,0.677136,0
3,Kmeans,0.71409,0
3,Kmeans,0.927482,1
3,Kmeans,0.689793,2
3,Kmeans,0.94136,1
3,Kmeans,0.596412,2
3,Kmeans,0.93087,1
3,Kmeans,0.725916,0
3,Kmeans,0.66384,0
3,Kmeans,0.69964,0
3,Kmeans,0.638674,2
3,Kmeans,0.938464,1
3,Kmeans,0.371314,0
3,Kmeans,0.319457,0
3,Kmeans,0.704259,2
3,Kmeans,0.131869,0
3,Kmeans,0.150099,2
3,Kmeans,0.868555,1
3,Kmeans,0.703804,2
3,Kmeans,0.493956,2
3,Kmeans,0.442106,0
3,Kmeans,0.939884,1
3,Kmeans,0.592227,2
3,Kmeans,0.721339,0
3,Kmeans,0.944275,1
3,Kmeans,0.696015,0
3,Kmeans,0.876961,1
3,Kmeans,0.470936,0
3,Kmeans,0.620308,0
3,Kmeans,0.907162,1
3,Kmeans,0.942739,1
3,Kmeans,0.658625,2
3,Kmeans,0.338798,2
3,Kmeans,0.280873,0
3,Kmeans,0.44539,0
3,Kmeans,0.728747,0
3,Kmeans,0.706403,0
3,Kmeans,0.714001,0
3,Kmeans,0.567752,2
3,Kmeans,0.668036,0
3,Kmeans,0.923476,1
3,Kmeans,0.529232,0
3,Kmeans,0.488563,2
3,Kmeans,0.375409,0
3,Kmeans,0.584319,0
3,Kmeans,0.93092,1
3,Kmeans,0.883376,1
3,Kmeans,0.944183,1
3,Kmeans,0.100352,2
3,Kmeans,0.68857,0
3,Kmeans,0.24168,0
3,Kmeans,0.444645,2
3,Kmeans,0.678191,2
3,Kmeans,0.679597,0
3,Kmeans,0.684739,2
3,Kmeans,0.900844,1
3,Kmeans,0.554955,0
3,Kmeans,0.725637,0
3,Kmeans,0.673294,2
3,Kmeans,0.926719,1
3,Kmeans,0.177562,0
3,Kmeans,0.847873,1
3,Kmeans,0.681129,2
3,Kmeans,0.875471,1
3,Kmeans,0.319457,0
3,Kmeans,0.679813,2
3,Kmeans,0.924907,1
3,Kmeans,0.912781,1
3,Kmeans,0.942944,1
3,Kmeans,0.704978,2
3,Kmeans,0.728786,0
3,Kmeans,0.705249,2
3,Kmeans,0.687832,0
3,Kmeans,0.921159,1
3,GMM,0.55435,0
3,GMM,0.933472,1
3,GMM,0.892093,2
3,GMM,0.844806,2
3,GMM,-0.004341,0
3,GMM,0.745616,2
3,GMM,0.552194,0
3,GMM,0.888008,2
3,GMM,0.880294,1
3,GMM,0.932837,1
3,GMM,0.486313,0
3,GMM,0.84535,1
3,GMM,0.886891,2
3,GMM,0.514782,0
3,GMM,0.933396,1
3,GMM,0.894367,2
3,GMM,0.906735,1
3,GMM,0.934134,1
3,GMM,0.932811,1
3,GMM,0.588476,0
3,GMM,0.919645,1
3,GMM,-0.457693,0
3,GMM,0.89694,2
3,GMM,0.915031,1
3,GMM,0.628612,0
3,GMM,0.930414,1
3,GMM,0.499676,0
3,GMM,0.918905,1
3,GMM,0.801322,2
3,GMM,0.839624,2
3,GMM,-0.59266,0
3,GMM,0.629932,0
3,GMM,0.927556,1
3,GMM,0.401887,0
3,GMM,0.438993,0
3,GMM,0.614584,0
3,GMM,0.51063,0
3,GMM,0.56941,0
3,GMM,0.847966,1
3,GMM,0.621377,0
3,GMM,0.616411,0
3,GMM,0.328467,0
3,GMM,0.928608,1
3,GMM,0.626425,0
3,GMM,0.745489,2
3,GMM,0.934065,1
3,GMM,0.882074,2
3,GMM,0.857464,1
3,GMM,0.285626,0
3,GMM,0.797104,2
3,GMM,0.891784,1
3,GMM,0.93242,1
3,GMM,0.550996,0
3,GMM,0.596584,0
3,GMM,0.459449,0
3,GMM,0.324202,0
3,GMM,0.880719,2
3,GMM,0.8923,2
3,GMM,0.896917,2
3,GMM,0.477359,0
3,GMM,0.845845,2
3,GMM,0.910448,1
3,GMM,0.167191,0
3,GMM,0.418193,0
3,GMM,0.398415,0
3,GMM,-0.015631,0
3,GMM,0.917639,1
3,GMM,0.859125,1
3,GMM,0.934014,1
3,GMM,0.561969,0
3,GMM,-0.516845,0
3,GMM,0.476717,0
3,GMM,0.610529,0
3,GMM,0.570664,0
3,GMM,0.861676,2
3,GMM,0.579004,0
3,GMM,0.880717,1
3,GMM,0.094935,0
3,GMM,0.894004,2
3,GMM,0.631135,0
3,GMM,0.912488,1
3,GMM,0.498516,0
3,GMM,0.81493,1
3,GMM,0.630814,0
3,GMM,0.849316,1
3,GMM,0.438993,0
3,GMM,0.630965,0
3,GMM,0.910269,1
3,GMM,0.898206,1
3,GMM,0.932362,1
3,GMM,0.619988,0
3,GMM,0.87982,2
3,GMM,0.618565,0
3,GMM,-0.512502,0
3,GMM,0.907794,1
4,Kmeans,0.645035,3
4,Kmeans,0.935556,1
4,Kmeans,0.81165,2
4,Kmeans,0.767893,2
4,Kmeans,0.445006,0
4,Kmeans,0.665569,2
4,Kmeans,0.763691,0
4,Kmeans,0.797027,2
4,Kmeans,0.88448,1
4,Kmeans,0.934933,1
4,Kmeans,0.811896,0
4,Kmeans,0.850956,1
4,Kmeans,0.807479,2
4,Kmeans,0.811542,0
4,Kmeans,0.935518,1
4,Kmeans,0.813105,2
4,Kmeans,0.909886,1
4,Kmeans,0.936215,1
4,Kmeans,0.934959,1
4,Kmeans,0.650634,0
4,Kmeans,0.922056,1
4,Kmeans,0.232589,2
4,Kmeans,0.810426,2
4,Kmeans,0.917557,1
4,Kmeans,0.441293,3
4,Kmeans,0.932657,1
4,Kmeans,0.581638,3
4,Kmeans,0.921334,1
4,Kmeans,0.724254,2
4,Kmeans,0.739815,2
4,Kmeans,0.45189,2
4,Kmeans,0.144126,3
4,Kmeans,0.929777,1
4,Kmeans,0.77635,0
4,Kmeans,0.796523,0
4,Kmeans,0.582159,3
4,Kmeans,0.81263,0
4,Kmeans,0.725034,0
4,Kmeans,0.852099,1
4,Kmeans,0.548097,3
4,Kmeans,0.367592,0
4,Kmeans,0.727572,0
4,Kmeans,0.93092,1
4,Kmeans,0.021243,0
4,Kmeans,0.665431,2
4,Kmeans,0.936152,1
4,Kmeans,0.789485,2
4,Kmeans,0.861383,1
4,Kmeans,0.694861,0
4,Kmeans,0.693528,2
4,Kmeans,0.894891,1
4,Kmeans,0.934526,1
4,Kmeans,0.642256,3
4,Kmeans,0.601989,0
4,Kmeans,0.804602,0
4,Kmeans,0.724499,0
4,Kmeans,0.802111,2
4,Kmeans,0.80293,2
4,Kmeans,0.810365,2
4,Kmeans,0.54974,3
4,Kmeans,0.74678,2
4,Kmeans,0.913088,1
4,Kmeans,0.597878,0
4,Kmeans,0.455683,3
4,Kmeans,0.774243,0
4,Kmeans,0.434118,0
4,Kmeans,0.92037,1
4,Kmeans,0.864165,1
4,Kmeans,0.936092,1
4,Kmeans,0.744671,0
4,Kmeans,0.339742,2
4,Kmeans,0.809903,0
4,Kmeans,0.466449,0
4,Kmeans,0.64908,3
4,Kmeans,0.764979,2
4,Kmeans,0.644756,3
4,Kmeans,0.884886,1
4,Kmeans,0.53529,0
4,Kmeans,0.812956,2
4,Kmeans,0.338109,3
4,Kmeans,0.915419,1
4,Kmeans,0.813053,0
4,Kmeans,0.821814,1
4,Kmeans,0.382768,3
4,Kmeans,0.854759,1
4,Kmeans,0.796523,0
4,Kmeans,0.374751,3
4,Kmeans,0.913285,1
4,Kmeans,0.901153,1
4,Kmeans,0.934529,1
4,Kmeans,0.560252,3
4,Kmeans,0.801291,2
4,Kmeans,0.568242,3
4,Kmeans,0.332582,2
4,Kmeans,0.910501,1
4,GMM,0.595816,3
4,GMM,0.935556,1
4,GMM,0.797201,2
4,GMM,0.74809,2
4,GMM,0.557807,0
4,GMM,0.632366,2
4,GMM,0.734637,0
4,GMM,0.78356,2
4,GMM,0.88448,1
4,GMM,0.934933,1
4,GMM,0.847268,0
4,GMM,0.850956,1
4,GMM,0.792427,2
4,GMM,0.817225,0
4,GMM,0.935518,1
4,GMM,0.798955,2
4,GMM,0.909886,1
4,GMM,0.936215,1
4,GMM,0.934959,1
4,GMM,0.542031,0
4,GMM,0.922056,1
4,GMM,0.121465,2
4,GMM,0.797092,2
4,GMM,0.917557,1
4,GMM,0.50966,3
4,GMM,0.932657,1
4,GMM,0.530651,3
4,GMM,0.921334,1
4,GMM,0.698979,2
4,GMM,0.724601,2
4,GMM,0.384627,2
4,GMM,0.332338,3
4,GMM,0.929777,1
4,GMM,0.84141,0
4,GMM,0.853491,0
4,GMM,0.587481,3
4,GMM,0.82345,0
4,GMM,0.668696,0
4,GMM,0.852099,1
4,GMM,0.570545,3
4,GMM,-0.189031,3
4,GMM,0.805176,0
4,GMM,0.93092,1
4,GMM,0.16691,3
4,GMM,0.632209,2
4,GMM,0.936152,1
4,GMM,0.775807,2
4,GMM,0.861383,1
4,GMM,0.778148,0
4,GMM,0.676867,2
4,GMM,0.894891,1
4,GMM,0.934526,1
4,GMM,0.592463,3
4,GMM,-0.509931,3
4,GMM,0.855864,0
4,GMM,0.802742,0
4,GMM,0.786366,2
4,GMM,0.789577,2
4,GMM,0.797034,2
4,GMM,0.50074,3
4,GMM,0.731792,2
4,GMM,0.913088,1
4,GMM,0.694717,0
4,GMM,0.416318,3
4,GMM,0.839972,0
4,GMM,0.547791,0
4,GMM,0.92037,1
4,GMM,0.864165,1
4,GMM,0.936092,1
4,GMM,0.702021,0
4,GMM,0.25091,2
4,GMM,0.852856,0
4,GMM,-0.316802,3
4,GMM,0.606141,3
4,GMM,0.750552,2
4,GMM,0.607451,3
4,GMM,0.884886,1
4,GMM,0.639391,0
4,GMM,0.798749,2
4,GMM,0.448969,3
4,GMM,0.915419,1
4,GMM,0.83722,0
4,GMM,0.821814,1
4,GMM,0.475714,3
4,GMM,0.854759,1
4,GMM,0.853491,0
4,GMM,0.470976,3
4,GMM,0.913285,1
4,GMM,0.901153,1
4,GMM,0.934529,1
4,GMM,0.577219,3
4,GMM,0.785448,2
4,GMM,0.581292,3
4,GMM,0.242308,2
4,GMM,0.910501,1
5,Kmeans,0.450137,3
5,Kmeans,0.935556,1
5,Kmeans,0.800456,2
5,Kmeans,0.752578,2
5,Kmeans,0.533944,0
5,Kmeans,0.639967,2
5,Kmeans,0.610463,0
5,Kmeans,0.786571,2
5,Kmeans,0.88448,1
5,Kmeans,0.934933,1
5,Kmeans,0.777074,0
5,Kmeans,0.850956,1
5,Kmeans,0.795822,2
5,Kmeans,0.734075,0
5,Kmeans,0.935518,1
5,Kmeans,0.80214,2
5,Kmeans,0.909886,1
5,Kmeans,0.936215,1
5,Kmeans,0.934959,1
5,Kmeans,0.288989,0
5,Kmeans,0.922056,1
5,Kmeans,0.147708,2
5,Kmeans,0.800082,2
5,Kmeans,0.917557,1
5,Kmeans,0.80621,4
5,Kmeans,0.932657,1
5,Kmeans,0.5933,3
5,Kmeans,0.921334,1
5,Kmeans,0.704734,2
5,Kmeans,0.727984,2
5,Kmeans,0.400277,2
5,Kmeans,0.737996,4
5,Kmeans,0.929777,1
5,Kmeans,0.801526,0
5,Kmeans,0.801129,0
5,Kmeans,0.640412,4
5,Kmeans,0.743031,0
5,Kmeans,0.505557,0
5,Kmeans,0.852099,1
5,Kmeans,0.730998,4
5,Kmeans,0.343923,4
5,Kmeans,0.788696,0
5,Kmeans,0.93092,1
5,Kmeans,0.632407,4
5,Kmeans,0.639815,2
5,Kmeans,0.936152,1
5,Kmeans,0.778862,2
5,Kmeans,0.861383,1
5,Kmeans,0.761148,0
5,Kmeans,0.68056,2
5,Kmeans,0.894891,1
5,Kmeans,0.934526,1
5,Kmeans,0.473046,3
5,Kmeans,0.134027,0
5,Kmeans,0.794563,0
5,Kmeans,0.786967,0
5,Kmeans,0.78992,2
5,Kmeans,0.792566,2
5,Kmeans,0.800024,2
5,Kmeans,0.58077,3
5,Kmeans,0.735126,2
5,Kmeans,0.913088,1
5,Kmeans,0.674496,0
5,Kmeans,0.464903,3
5,Kmeans,0.801172,0
5,Kmeans,0.523739,0
5,Kmeans,0.92037,1
5,Kmeans,0.864165,1
5,Kmeans,0.936092,1
5,Kmeans,0.559155,0
5,Kmeans,0.271745,2
5,Kmeans,0.78504,0
5,Kmeans,0.163368,4
5,Kmeans,0.232046,3
5,Kmeans,0.753766,2
5,Kmeans,0.028237,3
5,Kmeans,0.884886,1
5,Kmeans,0.617485,0
5,Kmeans,0.801947,2
5,Kmeans,0.800424,4
5,Kmeans,0.915419,1
5,Kmeans,0.762764,0
5,Kmeans,0.821814,1
5,Kmeans,0.810333,4
5,Kmeans,0.854759,1
5,Kmeans,0.801129,0
5,Kmeans,0.80924,4
5,Kmeans,0.913285,1
5,Kmeans,0.901153,1
5,Kmeans,0.934529,1
5,Kmeans,0.713665,4
5,Kmeans,0.789025,2
5,Kmeans,0.695306,4
5,Kmeans,0.263491,2
5,Kmeans,0.910501,1
5,GMM,0.423256,3
5,GMM,0.935556,1
5,GMM,0.804047,2
5,GMM,0.757512,2
5,GMM,0.506565,0
5,GMM,0.648271,2
5,GMM,0.627958,0
5,GMM,0.789909,2
5,GMM,0.88448,1
5,GMM,0.934933,1
5,GMM,0.772383,0
5,GMM,0.850956,1
5,GMM,0.799565,2
5,GMM,0.73528,0
5,GMM,0.935518,1
5,GMM,0.805657,2
5,GMM,0.909886,1
5,GMM,0.936215,1
5,GMM,0.934959,1
5,GMM,0.351572,0
5,GMM,0.922056,1
5,GMM,0.175821,2
5,GMM,0.80339,2
5,GMM,0.917557,1
5,GMM,0.835678,4
5,GMM,0.932657,1
5,GMM,0.580697,3
5,GMM,0.921334,1
5,GMM,0.711042,2
5,GMM,0.731745,2
5,GMM,0.417201,2
5,GMM,0.742002,4
5,GMM,0.929777,1
5,GMM,0.791251,0
5,GMM,0.792136,0
5,GMM,0.688048,4
5,GMM,0.743064,0
5,GMM,0.537285,0
5,GMM,0.852099,1
5,GMM,0.773029,4
5,GMM,0.259804,4
5,GMM,0.770906,0
5,GMM,0.93092,1
5,GMM,0.61274,4
5,GMM,0.648123,2
5,GMM,0.936152,1
5,GMM,0.782251,2
5,GMM,0.861383,1
5,GMM,0.741075,0
5,GMM,0.684675,2
5,GMM,0.894891,1
5,GMM,0.934526,1
5,GMM,0.448148,3
5,GMM,0.220178,0
5,GMM,0.786981,0
5,GMM,0.768154,0
5,GMM,0.793837,2
5,GMM,0.795876,2
5,GMM,0.803331,2
5,GMM,0.56957,3
5,GMM,0.738833,2
5,GMM,0.913088,1
5,GMM,0.651052,0
5,GMM,0.454684,3
5,GMM,0.790823,0
5,GMM,0.496147,0
5,GMM,0.92037,1
5,GMM,0.864165,1
5,GMM,0.936092,1
5,GMM,0.583594,0
5,GMM,0.294162,2
5,GMM,0.779118,0
5,GMM,-0.163368,0
5,GMM,0.18624,3
5,GMM,0.757337,2
5,GMM,-0.03624,3
5,GMM,0.884886,1
5,GMM,0.592244,0
5,GMM,0.805478,2
5,GMM,0.819542,4
5,GMM,0.915419,1
5,GMM,0.760116,0
5,GMM,0.821814,1
5,GMM,0.832499,4
5,GMM,0.854759,1
5,GMM,0.792136,0
5,GMM,0.830921,4
5,GMM,0.913285,1
5,GMM,0.901153,1
5,GMM,0.934529,1
5,GMM,0.757557,4
5,GMM,0.792966,2
5,GMM,0.740487,4
5,GMM,0.286276,2
5,GMM,0.910501,1
6,Kmeans,0.450137,3
6,Kmeans,0.933472,1
6,Kmeans,0.738467,2
6,Kmeans,0.577793,2
6,Kmeans,0.502381,4
6,Kmeans,0.153205,2
6,Kmeans,0.704631,5
6,Kmeans,0.762161,2
6,Kmeans,0.880294,1
6,Kmeans,0.932837,1
6,Kmeans,0.749605,5
6,Kmeans,0.84535,1
6,Kmeans,0.720491,2
6,Kmeans,0.753532,5
6,Kmeans,0.933396,1
6,Kmeans,0.747286,2
6,Kmeans,0.906735,1
6,Kmeans,0.934134,1
6,Kmeans,0.932811,1
6,Kmeans,0.421558,5
6,Kmeans,0.919645,1
6,Kmeans,0.659198,4
6,Kmeans,0.769897,2
6,Kmeans,0.915031,1
6,Kmeans,0.795543,0
6,Kmeans,0.930414,1
6,Kmeans,0.5933,3
6,Kmeans,0.918905,1
6,Kmeans,0.409111,2
6,Kmeans,0.690698,2
6,Kmeans,0.447477,4
6,Kmeans,0.712402,0
6,Kmeans,0.927556,1
6,Kmeans,0.613818,5
6,Kmeans,0.692355,5
6,Kmeans,0.640412,0
6,Kmeans,0.755186,5
6,Kmeans,0.615176,5
6,Kmeans,0.847966,1
6,Kmeans,0.730998,0
6,Kmeans,0.248356,0
6,Kmeans,0.397164,5
6,Kmeans,0.928608,1
6,Kmeans,0.591278,0
6,Kmeans,0.152573,2
6,Kmeans,0.934065,1
6,Kmeans,0.753791,2
6,Kmeans,0.857464,1
6,Kmeans,0.23,5
6,Kmeans,0.627454,2
6,Kmeans,0.891784,1
6,Kmeans,0.93242,1
6,Kmeans,0.473046,3
6,Kmeans,0.27999,5
6,Kmeans,0.722625,5
6,Kmeans,0.382142,5
6,Kmeans,0.699809,2
6,Kmeans,0.767222,2
6,Kmeans,0.769948,2
6,Kmeans,0.58077,3
6,Kmeans,0.700122,2
6,Kmeans,0.910448,1
6,Kmeans,0.141211,4
6,Kmeans,0.464903,3
6,Kmeans,0.605278,5
6,Kmeans,0.512746,4
6,Kmeans,0.917639,1
6,Kmeans,0.859125,1
6,Kmeans,0.934014,1
6,Kmeans,0.661707,5
6,Kmeans,0.605692,4
6,Kmeans,0.742097,5
6,Kmeans,0.02512,0
6,Kmeans,0.232046,3
6,Kmeans,0.723637,2
6,Kmeans,0.028237,3
6,Kmeans,0.880717,1
6,Kmeans,0.347564,4
6,Kmeans,0.745616,2
6,Kmeans,0.783044,0
6,Kmeans,0.912488,1
6,Kmeans,0.754778,5
6,Kmeans,0.81493,1
6,Kmeans,0.794329,0
6,Kmeans,0.849316,1
6,Kmeans,0.692355,5
6,Kmeans,0.793044,0
6,Kmeans,0.910269,1
6,Kmeans,0.898206,1
6,Kmeans,0.932362,1
6,Kmeans,0.713665,0
6,Kmeans,0.696878,2
6,Kmeans,0.695306,0
6,Kmeans,0.611626,4
6,Kmeans,0.907794,1
6,GMM,0.392534,3
6,GMM,0.935556,1
6,GMM,0.787865,2
6,GMM,0.735124,2
6,GMM,0.592506,5
6,GMM,0.610161,2
6,GMM,-0.410717,5
6,GMM,0.774995,2
6,GMM,0.88448,1
6,GMM,0.934933,1
6,GMM,0.498592,5
6,GMM,0.850956,1
6,GMM,0.782679,2
6,GMM,0.254155,5
6,GMM,0.935518,1
6,GMM,0.789825,2
6,GMM,0.909886,1
6,GMM,0.936215,1
6,GMM,0.934959,1
6,GMM,0.722432,0
6,GMM,0.922056,1
6,GMM,0.041866,2
6,GMM,0.78856,2
6,GMM,0.917557,1
6,GMM,0.778024,4
6,GMM,0.932657,1
6,GMM,0.566809,3
6,GMM,0.921334,1
6,GMM,0.682271,2
6,GMM,0.715042,2
6,GMM,0.338019,2
6,GMM,0.522066,4
6,GMM,0.929777,1
6,GMM,0.681937,5
6,GMM,0.646777,5
6,GMM,0.733682,4
6,GMM,0.306104,5
6,GMM,0.553814,0
6,GMM,0.852099,1
6,GMM,0.777984,4
6,GMM,0.485179,0
6,GMM,0.694468,5
6,GMM,0.93092,1
6,GMM,0.124943,4
6,GMM,0.609991,2
6,GMM,0.936152,1
6,GMM,0.767126,2
6,GMM,0.861383,1
6,GMM,0.68455,5
6,GMM,0.666464,2
6,GMM,0.894891,1
6,GMM,0.934526,1
6,GMM,0.419786,3
6,GMM,0.749031,0
6,GMM,0.601658,5
6,GMM,0.694122,5
6,GMM,0.776148,2
6,GMM,0.781066,2
6,GMM,0.788504,2
6,GMM,0.557335,3
6,GMM,0.722364,2
6,GMM,0.913088,1
6,GMM,0.648105,5
6,GMM,0.443692,3
6,GMM,0.68364,5
6,GMM,0.588429,5
6,GMM,0.92037,1
6,GMM,0.864165,1
6,GMM,0.936092,1
6,GMM,0.445006,0
6,GMM,0.188253,2
6,GMM,0.543985,5
6,GMM,0.652082,0
6,GMM,0.132723,3
6,GMM,0.741445,2
6,GMM,-0.103793,3
6,GMM,0.884886,1
6,GMM,0.625085,5
6,GMM,0.789579,2
6,GMM,0.725218,4
6,GMM,0.915419,1
6,GMM,0.418805,5
6,GMM,0.821814,1
6,GMM,0.758927,4
6,GMM,0.854759,1
6,GMM,0.646777,5
6,GMM,0.754266,4
6,GMM,0.913285,1
6,GMM,0.901153,1
6,GMM,0.934529,1
6,GMM,0.77251,4
6,GMM,0.775163,2
6,GMM,0.763658,4
6,GMM,0.178564,2
6,GMM,0.910501,1
7,Kmeans,0.450137,3
7,Kmeans,0.553726,1
7,Kmeans,0.701931,2
7,Kmeans,0.438249,2
7,Kmeans,0.231505,6
7,Kmeans,0.106342,6
7,Kmeans,0.682295,0
7,Kmeans,0.764412,2
7,Kmeans,0.759019,5
7,Kmeans,0.574583,1
7,Kmeans,0.779789,0
7,Kmeans,0.742893,5
7,Kmeans,0.671966,2
7,Kmeans,0.77733,0
7,Kmeans,0.382867,1
7,Kmeans,0.717336,2
7,Kmeans,0.618112,5
7,Kmeans,0.486132,1
7,Kmeans,0.331295,1
7,Kmeans,0.389411,0
7,Kmeans,0.663595,1
7,Kmeans,0.684202,6
7,Kmeans,0.764034,2
7,Kmeans,0.663875,1
7,Kmeans,0.799452,4
7,Kmeans,0.171305,1
7,Kmeans,0.5933,3
7,Kmeans,0.664641,1
7,Kmeans,0.145964,2
7,Kmeans,0.691838,2
7,Kmeans,0.58508,6
7,Kmeans,0.719082,4
7,Kmeans,0.630154,1
7,Kmeans,0.693794,0
7,Kmeans,0.744906,0
7,Kmeans,0.640412,4
7,Kmeans,0.779485,0
7,Kmeans,0.588822,0
7,Kmeans,0.494339,1
7,Kmeans,0.730998,4
7,Kmeans,0.274095,4
7,Kmeans,0.556611,0
7,Kmeans,0.053917,1
7,Kmeans,0.602114,4
7,Kmeans,0.107038,6
7,Kmeans,0.464674,1
7,Kmeans,0.756964,2
7,Kmeans,0.518132,1
7,Kmeans,0.455182,0
7,Kmeans,0.621951,2
7,Kmeans,0.609623,1
7,Kmeans,0.582279,1
7,Kmeans,0.473046,3
7,Kmeans,0.244544,0
7,Kmeans,0.763979,0
7,Kmeans,0.547375,0
7,Kmeans,0.638054,2
7,Kmeans,0.76742,2
7,Kmeans,0.764199,2
7,Kmeans,0.58077,3
7,Kmeans,0.702108,2
7,Kmeans,0.657908,1
7,Kmeans,0.105312,0
7,Kmeans,0.464903,3
7,Kmeans,0.688248,0
7,Kmeans,0.25071,6
7,Kmeans,0.395103,5
7,Kmeans,0.761473,5
7,Kmeans,0.51626,1
7,Kmeans,0.637175,0
7,Kmeans,0.668017,6
7,Kmeans,0.775746,0
7,Kmeans,0.062817,4
7,Kmeans,0.232046,3
7,Kmeans,0.726851,2
7,Kmeans,0.028237,3
7,Kmeans,0.758214,5
7,Kmeans,-0.017736,6
7,Kmeans,0.714257,2
7,Kmeans,0.787548,4
7,Kmeans,0.53806,5
7,Kmeans,0.781518,0
7,Kmeans,0.668866,5
7,Kmeans,0.798468,4
7,Kmeans,0.750812,5
7,Kmeans,0.744906,0
7,Kmeans,0.797235,4
7,Kmeans,0.577338,5
7,Kmeans,0.627816,1
7,Kmeans,0.299096,1
7,Kmeans,0.713665,4
7,Kmeans,0.633319,2
7,Kmeans,0.695306,4
7,Kmeans,0.670644,6
7,Kmeans,0.65237,1
7,GMM,0.392534,3
7,GMM,0.92932,1
7,GMM,0.082898,2
7,GMM,0.472244,2
7,GMM,0.513195,5
7,GMM,0.601255,2
7,GMM,-0.410717,5
7,GMM,0.692473,6
7,GMM,0.871857,1
7,GMM,0.928662,1
7,GMM,0.498592,5
7,GMM,0.834005,1
7,GMM,0.207472,2
7,GMM,0.254155,5
7,GMM,0.92916,1
7,GMM,-0.029542,2
7,GMM,0.900408,1
7,GMM,0.929984,1
7,GMM,0.928522,1
7,GMM,0.722432,0
7,GMM,0.91486,1
7,GMM,0.352713,2
7,GMM,0.487077,6
7,GMM,0.910023,1
7,GMM,0.778024,4
7,GMM,0.925932,1
7,GMM,0.566809,3
7,GMM,0.914085,1
7,GMM,0.559442,2
7,GMM,0.723064,6
7,GMM,0.580477,2
7,GMM,0.522066,4
7,GMM,0.923139,1
7,GMM,0.681937,5
7,GMM,0.646777,5
7,GMM,0.733682,4
7,GMM,0.306104,5
7,GMM,0.553814,0
7,GMM,0.839833,1
7,GMM,0.777984,4
7,GMM,0.485179,0
7,GMM,0.694468,5
7,GMM,0.923986,1
7,GMM,0.124943,4
7,GMM,0.601281,2
7,GMM,0.929901,1
7,GMM,0.721931,6
7,GMM,0.849746,1
7,GMM,0.68455,5
7,GMM,0.622421,6
7,GMM,0.885644,1
7,GMM,0.928228,1
7,GMM,0.419786,3
7,GMM,0.749031,0
7,GMM,0.601658,5
7,GMM,0.694122,5
7,GMM,0.293007,2
7,GMM,0.639655,6
7,GMM,0.48989,6
7,GMM,0.557335,3
7,GMM,0.73469,6
7,GMM,0.905216,1
7,GMM,0.648105,5
7,GMM,0.443692,3
7,GMM,0.68364,5
7,GMM,0.49994,5
7,GMM,0.912164,1
7,GMM,0.848943,1
7,GMM,0.929872,1
7,GMM,0.445006,0
7,GMM,0.472445,2
7,GMM,0.543985,5
7,GMM,0.652082,0
7,GMM,0.132723,3
7,GMM,0.746601,6
7,GMM,-0.103793,3
7,GMM,0.872315,1
7,GMM,0.617801,5
7,GMM,0.00052,2
7,GMM,0.725218,4
7,GMM,0.906609,1
7,GMM,0.418805,5
7,GMM,0.800957,1
7,GMM,0.758927,4
7,GMM,0.838306,1
7,GMM,0.646777,5
7,GMM,0.754266,4
7,GMM,0.904217,1
7,GMM,0.892376,1
7,GMM,0.928036,1
7,GMM,0.77251,4
7,GMM,0.301105,2
7,GMM,0.763658,4
7,GMM,0.464946,2
7,GMM,0.902433,1
8,Kmeans,0.744728,7
8,Kmeans,0.517402,6
8,Kmeans,0.571456,4
8,Kmeans,0.030771,4
8,Kmeans,0.15639,3
8,Kmeans,0.572806,1
8,Kmeans,0.610463,3
8,Kmeans,0.715219,4
8,Kmeans,0.735883,0
8,Kmeans,0.54318,6
8,Kmeans,0.777074,3
8,Kmeans,0.711724,0
8,Kmeans,0.513544,4
8,Kmeans,0.734075,3
8,Kmeans,0.309008,6
8,Kmeans,0.601765,4
8,Kmeans,0.628497,0
8,Kmeans,0.434662,6
8,Kmeans,0.246045,6
8,Kmeans,0.288989,3
8,Kmeans,0.658786,6
8,Kmeans,0.705164,1
8,Kmeans,0.699154,4
8,Kmeans,0.661736,6
8,Kmeans,0.740265,2
8,Kmeans,0.049925,6
8,Kmeans,-0.096984,7
8,Kmeans,0.660439,6
8,Kmeans,0.275459,1
8,Kmeans,0.644017,4
8,Kmeans,0.75388,1
8,Kmeans,0.737996,2
8,Kmeans,0.614185,6
8,Kmeans,0.745764,3
8,Kmeans,0.771154,3
8,Kmeans,0.476459,2
8,Kmeans,0.743031,3
8,Kmeans,0.505557,3
8,Kmeans,0.493446,6
8,Kmeans,0.62211,2
8,Kmeans,0.343923,2
8,Kmeans,0.675896,3
8,Kmeans,-0.053917,0
8,Kmeans,0.632407,2
8,Kmeans,0.573154,1
8,Kmeans,0.408563,6
8,Kmeans,0.709727,4
8,Kmeans,0.517683,6
8,Kmeans,0.624678,3
8,Kmeans,0.566983,4
8,Kmeans,0.610115,6
8,Kmeans,0.552845,6
8,Kmeans,0.744897,7
8,Kmeans,0.134027,3
8,Kmeans,0.779272,3
8,Kmeans,0.671235,3
8,Kmeans,0.447443,4
8,Kmeans,0.714282,4
8,Kmeans,0.699542,4
8,Kmeans,0.086674,5
8,Kmeans,0.655214,4
8,Kmeans,0.657225,6
8,Kmeans,0.458934,3
8,Kmeans,0.52265,5
8,Kmeans,0.742935,3
8,Kmeans,0.132862,3
8,Kmeans,0.448961,0
8,Kmeans,0.731283,0
8,Kmeans,0.471455,6
8,Kmeans,0.559155,3
8,Kmeans,0.761974,1
8,Kmeans,0.783279,3
8,Kmeans,0.163368,2
8,Kmeans,0.639767,7
8,Kmeans,0.680918,4
8,Kmeans,0.498459,7
8,Kmeans,0.735347,0
8,Kmeans,0.341298,3
8,Kmeans,0.595504,4
8,Kmeans,0.770053,2
8,Kmeans,0.564851,0
8,Kmeans,0.762764,3
8,Kmeans,0.64122,0
8,Kmeans,0.767078,2
8,Kmeans,0.719534,0
8,Kmeans,0.771154,3
8,Kmeans,0.768704,2
8,Kmeans,0.596389,0
8,Kmeans,0.62829,6
8,Kmeans,0.206721,6
8,Kmeans,0.594264,2
8,Kmeans,0.438236,4
8,Kmeans,0.564964,2
8,Kmeans,0.760512,1
8,Kmeans,0.652147,6
8,GMM,0.82673,3
8,GMM,0.92932,1
8,GMM,0.082898,2
8,GMM,0.472244,2
8,GMM,0.539762,6
8,GMM,0.601255,2
8,GMM,0.410717,0
8,GMM,0.692473,4
8,GMM,0.871857,1
8,GMM,0.928662,1
8,GMM,0.455435,6
8,GMM,0.834005,1
8,GMM,0.207472,2
8,GMM,0.152666,6
8,GMM,0.92916,1
8,GMM,-0.029542,2
8,GMM,0.900408,1
8,GMM,0.929984,1
8,GMM,0.928522,1
8,GMM,0.723356,0
8,GMM,0.91486,1
8,GMM,0.333205,2
8,GMM,0.487077,4
8,GMM,0.910023,1
8,GMM,0.787417,7
8,GMM,0.925932,1
8,GMM,0.096984,5
8,GMM,0.914085,1
8,GMM,0.559442,2
8,GMM,0.723064,4
8,GMM,0.56996,2
8,GMM,0.549717,7
8,GMM,0.923139,1
8,GMM,0.682238,6
8,GMM,0.637412,6
8,GMM,0.530219,7
8,GMM,0.217472,6
8,GMM,0.618159,0
8,GMM,0.839833,1
8,GMM,0.690962,7
8,GMM,0.425566,0
8,GMM,0.702492,6
8,GMM,0.923986,1
8,GMM,0.189199,7
8,GMM,0.601281,2
8,GMM,0.929901,1
8,GMM,0.721931,4
8,GMM,0.849746,1
8,GMM,0.693865,6
8,GMM,0.622421,4
8,GMM,0.885644,1
8,GMM,0.928228,1
8,GMM,0.803422,3
8,GMM,0.733535,0
8,GMM,0.581941,6
8,GMM,0.702377,6
8,GMM,0.293007,2
8,GMM,0.639655,4
8,GMM,0.48989,4
8,GMM,0.475244,5
8,GMM,0.73469,4
8,GMM,0.905216,1
8,GMM,0.658224,6
8,GMM,0.486091,5
8,GMM,0.684534,6
8,GMM,0.526789,6
8,GMM,0.912164,1
8,GMM,0.848943,1
8,GMM,0.929872,1
8,GMM,0.545037,0
8,GMM,0.457801,2
8,GMM,0.511156,6
8,GMM,0.604268,0
8,GMM,0.786081,3
8,GMM,0.746601,4
8,GMM,0.657387,3
8,GMM,0.872315,1
8,GMM,0.634891,6
8,GMM,0.00052,2
8,GMM,0.738429,7
8,GMM,0.906609,1
8,GMM,0.357245,6
8,GMM,0.800957,1
8,GMM,0.769966,7
8,GMM,0.838306,1
8,GMM,0.637412,6
8,GMM,0.765626,7
8,GMM,0.904217,1
8,GMM,0.892376,1
8,GMM,0.928036,1
8,GMM,0.663539,7
8,GMM,0.301105,2
8,GMM,0.632062,7
8,GMM,0.450006,2
8,GMM,0.902433,1
9,Kmeans,0.82673,6
9,Kmeans,0.553726,1
9,Kmeans,0.571456,0
9,Kmeans,0.030771,0
9,Kmeans,0.352891,3
9,Kmeans,0.572806,5
9,Kmeans,0.410717,8
9,Kmeans,0.715219,0
9,Kmeans,0.759019,7
9,Kmeans,0.574583,1
9,Kmeans,0.455435,3
9,Kmeans,0.742893,7
9,Kmeans,0.513544,0
9,Kmeans,0.152666,3
9,Kmeans,0.382867,1
9,Kmeans,0.601765,0
9,Kmeans,0.618112,7
9,Kmeans,0.486132,1
9,Kmeans,0.331295,1
9,Kmeans,0.723356,8
9,Kmeans,0.663595,1
9,Kmeans,0.65856,5
9,Kmeans,0.699154,0
9,Kmeans,0.663875,1
9,Kmeans,0.787417,2
9,Kmeans,0.171305,1
9,Kmeans,0.096984,4
9,Kmeans,0.664641,1
9,Kmeans,0.275459,5
9,Kmeans,0.644017,0
9,Kmeans,0.75388,5
9,Kmeans,0.549717,2
9,Kmeans,0.630154,1
9,Kmeans,0.682238,3
9,Kmeans,0.637412,3
9,Kmeans,0.530219,2
9,Kmeans,0.217472,3
9,Kmeans,0.618159,8
9,Kmeans,0.494339,1
9,Kmeans,0.690962,2
9,Kmeans,0.425566,8
9,Kmeans,0.702492,3
9,Kmeans,0.053917,1
9,Kmeans,0.189199,2
9,Kmeans,0.573154,5
9,Kmeans,0.464674,1
9,Kmeans,0.709727,0
9,Kmeans,0.518132,1
9,Kmeans,0.693865,3
9,Kmeans,0.566983,0
9,Kmeans,0.609623,1
9,Kmeans,0.582279,1
9,Kmeans,0.803422,6
9,Kmeans,0.733535,8
9,Kmeans,0.581941,3
9,Kmeans,0.702377,3
9,Kmeans,0.447443,0
9,Kmeans,0.714282,0
9,Kmeans,0.699542,0
9,Kmeans,0.475244,4
9,Kmeans,0.655214,0
9,Kmeans,0.657908,1
9,Kmeans,0.608957,3
9,Kmeans,0.486091,4
9,Kmeans,0.684534,3
9,Kmeans,0.332133,3
9,Kmeans,0.395103,7
9,Kmeans,0.761473,7
9,Kmeans,0.51626,1
9,Kmeans,0.545037,8
9,Kmeans,0.749327,5
9,Kmeans,0.511156,3
9,Kmeans,0.604268,8
9,Kmeans,0.786081,6
9,Kmeans,0.680918,0
9,Kmeans,0.657387,6
9,Kmeans,0.758214,7
9,Kmeans,0.511582,3
9,Kmeans,0.595504,0
9,Kmeans,0.738429,2
9,Kmeans,0.53806,7
9,Kmeans,0.357245,3
9,Kmeans,0.668866,7
9,Kmeans,0.769966,2
9,Kmeans,0.750812,7
9,Kmeans,0.637412,3
9,Kmeans,0.765626,2
9,Kmeans,0.577338,7
9,Kmeans,0.627816,1
9,Kmeans,0.299096,1
9,Kmeans,0.663539,2
9,Kmeans,0.438236,0
9,Kmeans,0.632062,2
9,Kmeans,0.744865,5
9,Kmeans,0.65237,1
9,GMM,0.82673,3
9,GMM,0.302618,1
9,GMM,0.082898,2
9,GMM,0.472244,2
9,GMM,0.539762,6
9,GMM,0.601255,2
9,GMM,0.410717,0
9,GMM,0.692473,4
9,GMM,0.63454,1
9,GMM,0.2334,1
9,GMM,0.455435,6
9,GMM,0.584261,1
9,GMM,0.207472,2
9,GMM,0.152666,6
9,GMM,0.512237,1
9,GMM,-0.029542,2
9,GMM,0.657293,1
9,GMM,0.428831,1
9,GMM,0.537441,1
9,GMM,0.723356,0
9,GMM,0.551536,8
9,GMM,0.333205,2
9,GMM,0.487077,4
9,GMM,0.657142,8
9,GMM,0.787417,7
9,GMM,0.579065,1
9,GMM,0.096984,5
9,GMM,0.575897,8
9,GMM,0.559442,2
9,GMM,0.723064,4
9,GMM,0.56996,2
9,GMM,0.549717,7
9,GMM,-0.214664,1
9,GMM,0.682238,6
9,GMM,0.637412,6
9,GMM,0.530219,7
9,GMM,0.217472,6
9,GMM,0.618159,0
9,GMM,0.612085,8
9,GMM,0.690962,7
9,GMM,0.425566,0
9,GMM,0.702492,6
9,GMM,0.595862,1
9,GMM,0.189199,7
9,GMM,0.601281,2
9,GMM,0.451926,1
9,GMM,0.721931,4
9,GMM,0.645076,8
9,GMM,0.693865,6
9,GMM,0.622421,4
9,GMM,0.735962,8
9,GMM,0.196341,1
9,GMM,0.803422,3
9,GMM,0.733535,0
9,GMM,0.581941,6
9,GMM,0.702377,6
9,GMM,0.293007,2
9,GMM,0.639655,4
9,GMM,0.48989,4
9,GMM,0.475244,5
9,GMM,0.73469,4
9,GMM,0.711433,8
9,GMM,0.658224,6
9,GMM,0.486091,5
9,GMM,0.684534,6
9,GMM,0.526789,6
9,GMM,0.647229,1
9,GMM,0.605106,1
9,GMM,0.38442,1
9,GMM,0.545037,0
9,GMM,0.457801,2
9,GMM,0.511156,6
9,GMM,0.604268,0
9,GMM,0.786081,3
9,GMM,0.746601,4
9,GMM,0.657387,3
9,GMM,0.635034,1
9,GMM,0.634891,6
9,GMM,0.00052,2
9,GMM,0.738429,7
9,GMM,0.657229,1
9,GMM,0.357245,6
9,GMM,0.53506,1
9,GMM,0.769966,7
9,GMM,0.590722,1
9,GMM,0.637412,6
9,GMM,0.765626,7
9,GMM,0.658524,1
9,GMM,0.743701,8
9,GMM,0.548841,1
9,GMM,0.663539,7
9,GMM,0.301105,2
9,GMM,0.632062,7
9,GMM,0.450006,2
9,GMM,0.727148,8
10,Kmeans,0.82673,4
10,Kmeans,0.681579,9
10,Kmeans,0.520835,0
10,Kmeans,-0.030771,8
10,Kmeans,0.451875,3
10,Kmeans,0.596959,8
10,Kmeans,0.513342,6
10,Kmeans,0.715636,0
10,Kmeans,0.671266,1
10,Kmeans,0.635983,9
10,Kmeans,0.266785,3
10,Kmeans,0.764569,1
10,Kmeans,0.446414,0
10,Kmeans,0.023966,6
10,Kmeans,0.784188,9
10,Kmeans,0.560078,0
10,Kmeans,-0.017473,1
10,Kmeans,0.754099,9
10,Kmeans,0.781342,9
10,Kmeans,0.671955,6
10,Kmeans,0.331112,5
10,Kmeans,0.575415,8
10,Kmeans,0.688732,0
10,Kmeans,0.511304,5
10,Kmeans,0.789379,2
10,Kmeans,0.734042,9
10,Kmeans,0.096984,7
10,Kmeans,0.373118,5
10,Kmeans,0.378338,8
10,Kmeans,0.648587,0
10,Kmeans,0.716408,8
10,Kmeans,0.601621,2
10,Kmeans,0.257,9
10,Kmeans,0.646511,3
10,Kmeans,0.567823,3
10,Kmeans,0.530219,2
10,Kmeans,-0.053736,6
10,Kmeans,0.627038,6
10,Kmeans,0.54127,5
10,Kmeans,0.690962,2
10,Kmeans,0.285575,6
10,Kmeans,0.694889,3
10,Kmeans,0.693372,9
10,Kmeans,0.304251,2
10,Kmeans,0.597207,8
10,Kmeans,0.764247,9
10,Kmeans,0.71196,0
10,Kmeans,0.575029,5
10,Kmeans,0.692079,3
10,Kmeans,0.568462,0
10,Kmeans,0.661362,5
10,Kmeans,0.609742,9
10,Kmeans,0.803422,4
10,Kmeans,0.667829,6
10,Kmeans,0.47645,3
10,Kmeans,0.695675,3
10,Kmeans,0.361341,0
10,Kmeans,0.71177,0
10,Kmeans,0.689262,0
10,Kmeans,0.475244,7
10,Kmeans,0.660067,0
10,Kmeans,0.601508,5
10,Kmeans,0.66269,3
10,Kmeans,0.486091,7
10,Kmeans,0.650918,3
10,Kmeans,0.433918,3
10,Kmeans,0.350338,9
10,Kmeans,0.766992,1
10,Kmeans,0.73066,9
10,Kmeans,0.588761,6
10,Kmeans,0.679425,8
10,Kmeans,0.359463,3
10,Kmeans,0.487337,6
10,Kmeans,0.786081,4
10,Kmeans,0.685524,0
10,Kmeans,0.657387,4
10,Kmeans,0.666849,1
10,Kmeans,0.587662,3
10,Kmeans,0.551879,0
10,Kmeans,0.763984,2
10,Kmeans,0.111481,9
10,Kmeans,0.101431,3
10,Kmeans,0.66921,1
10,Kmeans,0.791469,2
10,Kmeans,0.771944,1
10,Kmeans,0.567823,3
10,Kmeans,0.787725,2
10,Kmeans,-0.009965,9
10,Kmeans,0.66468,5
10,Kmeans,0.773225,9
10,Kmeans,0.663539,2
10,Kmeans,0.349511,0
10,Kmeans,0.632062,2
10,Kmeans,0.67388,8
10,Kmeans,0.628585,5
10,GMM,0.82673,3
10,GMM,0.302618,1
10,GMM,0.082898,2
10,GMM,0.472244,2
10,GMM,0.844713,6
10,GMM,0.601255,2
10,GMM,0.22545,0
10,GMM,0.692473,4
10,GMM,0.63454,1
10,GMM,0.2334,1
10,GMM,0.680516,9
10,GMM,0.584261,1
10,GMM,0.207472,2
10,GMM,0.445518,9
10,GMM,0.512237,1
10,GMM,-0.029542,2
10,GMM,0.657293,1
10,GMM,0.428831,1
10,GMM,0.537441,1
10,GMM,0.670009,0
10,GMM,0.551536,8
10,GMM,-0.132745,2
10,GMM,0.487077,4
10,GMM,0.657142,8
10,GMM,0.787417,7
10,GMM,0.579065,1
10,GMM,0.096984,5
10,GMM,0.575897,8
10,GMM,0.559442,2
10,GMM,0.723064,4
10,GMM,0.337592,2
10,GMM,0.549717,7
10,GMM,-0.214664,1
10,GMM,0.638132,9
10,GMM,0.728385,9
10,GMM,0.530219,7
10,GMM,0.498934,9
10,GMM,0.522685,0
10,GMM,0.612085,8
10,GMM,0.690962,7
10,GMM,0.425566,0
10,GMM,0.264512,9
10,GMM,0.595862,1
10,GMM,0.189199,7
10,GMM,0.601281,2
10,GMM,0.451926,1
10,GMM,0.721931,4
10,GMM,0.645076,8
10,GMM,-0.119652,9
10,GMM,0.622421,4
10,GMM,0.735962,8
10,GMM,0.196341,1
10,GMM,0.803422,3
10,GMM,0.687725,0
10,GMM,0.744722,9
10,GMM,0.232897,9
10,GMM,0.293007,2
10,GMM,0.639655,4
10,GMM,0.48989,4
10,GMM,0.475244,5
10,GMM,0.73469,4
10,GMM,0.711433,8
10,GMM,0.657393,6
10,GMM,0.486091,5
10,GMM,0.626359,9
10,GMM,0.836256,6
10,GMM,0.647229,1
10,GMM,0.605106,1
10,GMM,0.38442,1
10,GMM,0.419239,0
10,GMM,0.113433,2
10,GMM,0.717568,9
10,GMM,0.604268,0
10,GMM,0.786081,3
10,GMM,0.746601,4
10,GMM,0.657387,3
10,GMM,0.635034,1
10,GMM,0.815432,6
10,GMM,0.00052,2
10,GMM,0.738429,7
10,GMM,0.657229,1
10,GMM,0.608566,9
10,GMM,0.53506,1
10,GMM,0.769966,7
10,GMM,0.590722,1
10,GMM,0.728385,9
10,GMM,0.765626,7
10,GMM,0.658524,1
10,GMM,0.743701,8
10,GMM,0.548841,1
10,GMM,0.663539,7
10,GMM,0.301105,2
10,GMM,0.632062,7
10,GMM,0.097279,2
10,GMM,0.727148,8
15,Kmeans,0.766204,9
15,Kmeans,0.49043,1
15,Kmeans,0.740744,2
15,Kmeans,0.531928,2
15,Kmeans,0.671719,12
15,Kmeans,0.291899,5
15,Kmeans,-0.061254,0
15,Kmeans,0.153706,10
15,Kmeans,0.654276,8
15,Kmeans,0.402586,1
15,Kmeans,0.759939,0
15,Kmeans,0.816452,8
15,Kmeans,0.751236,2
15,Kmeans,0.64328,0
15,Kmeans,0.700567,1
15,Kmeans,0.719634,2
15,Kmeans,0.073018,1
15,Kmeans,0.63131,1
15,Kmeans,0.716256,1
15,Kmeans,0.623649,6
15,Kmeans,0.672909,13
15,Kmeans,0.607247,5
15,Kmeans,0.377883,2
15,Kmeans,0.755276,13
15,Kmeans,0.172559,14
15,Kmeans,0.72559,1
15,Kmeans,0.630878,4
15,Kmeans,0.695217,13
15,Kmeans,0.100904,2
15,Kmeans,0.703934,10
15,Kmeans,0.730274,5
15,Kmeans,0.623157,14
15,Kmeans,0.126045,13
15,Kmeans,0.387073,0
15,Kmeans,0.642639,0
15,Kmeans,0.818643,3
15,Kmeans,0.67826,0
15,Kmeans,0.336234,6
15,Kmeans,0.862114,7
15,Kmeans,0.816119,3
15,Kmeans,0.324466,6
15,Kmeans,0.262545,12
15,Kmeans,0.721439,1
15,Kmeans,0.412052,14
15,Kmeans,0.292743,5
15,Kmeans,0.652763,1
15,Kmeans,0.374348,10
15,Kmeans,0.840061,7
15,Kmeans,0.480332,12
15,Kmeans,0.58287,10
15,Kmeans,0.313076,13
15,Kmeans,0.352297,1
15,Kmeans,0.719576,9
15,Kmeans,0.670936,6
15,Kmeans,0.715878,0
15,Kmeans,0.296152,12
15,Kmeans,0.748367,2
15,Kmeans,-0.080766,2
15,Kmeans,0.37379,2
15,Kmeans,0.654312,4
15,Kmeans,0.709464,10
15,Kmeans,0.764139,13
15,Kmeans,0.67851,12
15,Kmeans,0.0,11
15,Kmeans,0.354922,0
15,Kmeans,0.664543,12
15,Kmeans,0.480999,1
15,Kmeans,0.807634,8
15,Kmeans,0.585071,1
15,Kmeans,0.13765,6
15,Kmeans,0.732258,5
15,Kmeans,0.75194,0
15,Kmeans,0.560874,6
15,Kmeans,0.711638,9
15,Kmeans,0.655755,10
15,Kmeans,0.513414,9
15,Kmeans,0.647672,8
15,Kmeans,0.698741,12
15,Kmeans,0.726894,2
15,Kmeans,0.632856,14
15,Kmeans,0.31161,1
15,Kmeans,0.744421,0
15,Kmeans,0.713426,8
15,Kmeans,0.569559,14
15,Kmeans,0.822842,8
15,Kmeans,0.642639,0
15,Kmeans,0.592372,14
15,Kmeans,0.225931,1
15,Kmeans,0.538305,13
15,Kmeans,0.721043,1
15,Kmeans,0.881101,3
15,Kmeans,0.746737,2
15,Kmeans,0.888239,3
15,Kmeans,0.726841,5
15,Kmeans,0.734315,13
15,GMM,0.766204,3
15,GMM,0.541085,1
15,GMM,0.75822,10
15,GMM,-0.086052,10
15,GMM,0.840846,6
15,GMM,0.838745,2
15,GMM,0.22545,0
15,GMM,0.255044,4
15,GMM,0.667116,11
15,GMM,0.471446,1
15,GMM,0.680516,9
15,GMM,0.821349,11
15,GMM,0.721232,10
15,GMM,0.445518,9
15,GMM,0.706807,1
15,GMM,0.761554,10
15,GMM,0.017473,1
15,GMM,0.653073,1
15,GMM,0.718434,1
15,GMM,0.670009,0
15,GMM,0.656351,8
15,GMM,0.781628,13
15,GMM,0.361091,10
15,GMM,0.772769,8
15,GMM,0.787417,7
15,GMM,0.722351,1
15,GMM,0.630878,5
15,GMM,0.686845,8
15,GMM,0.608671,2
15,GMM,0.654417,4
15,GMM,0.589203,13
15,GMM,0.549717,7
15,GMM,-0.126045,1
15,GMM,0.638132,9
15,GMM,0.728385,9
15,GMM,0.530219,7
15,GMM,0.498934,9
15,GMM,0.522685,0
15,GMM,0.853927,12
15,GMM,0.690962,7
15,GMM,0.425566,0
15,GMM,0.264512,9
15,GMM,0.70871,1
15,GMM,0.189199,7
15,GMM,0.838326,2
15,GMM,0.669925,1
15,GMM,0.42473,4
15,GMM,0.82894,12
15,GMM,-0.119652,9
15,GMM,0.53637,4
15,GMM,0.411208,8
15,GMM,0.431619,1
15,GMM,0.719576,3
15,GMM,0.687725,0
15,GMM,0.744722,9
15,GMM,0.232897,9
15,GMM,0.655935,10
15,GMM,-0.033517,4
15,GMM,0.355826,10
15,GMM,0.654312,5
15,GMM,0.662717,4
15,GMM,0.806461,8
15,GMM,0.657393,6
15,GMM,0.0,14
15,GMM,0.626359,9
15,GMM,0.826363,6
15,GMM,0.442998,1
15,GMM,0.813353,11
15,GMM,0.61635,1
15,GMM,0.419239,0
15,GMM,0.853545,13
15,GMM,0.717568,9
15,GMM,0.604268,0
15,GMM,0.786081,3
15,GMM,0.63079,4
15,GMM,0.657387,3
15,GMM,0.66083,11
15,GMM,0.815432,6
15,GMM,0.763592,10
15,GMM,0.738429,7
15,GMM,0.264597,1
15,GMM,0.608566,9
15,GMM,0.719821,11
15,GMM,0.769966,7
15,GMM,0.827704,11
15,GMM,0.728385,9
15,GMM,0.765626,7
15,GMM,0.175356,1
15,GMM,0.618649,8
15,GMM,0.721571,1
15,GMM,0.663539,7
15,GMM,0.644383,10
15,GMM,0.632062,7
15,GMM,0.855497,13
15,GMM,0.785864,8
20,Kmeans,0.766204,7
20,Kmeans,0.712162,1
20,Kmeans,0.822231,16
20,Kmeans,-0.149729,6
20,Kmeans,0.781527,17
20,Kmeans,0.681376,6
20,Kmeans,0.364532,8
20,Kmeans,0.722027,0
20,Kmeans,0.30946,11
20,Kmeans,0.638891,1
20,Kmeans,0.721609,10
20,Kmeans,0.71551,11
20,Kmeans,0.84474,16
20,Kmeans,0.58594,10
20,Kmeans,0.746596,1
20,Kmeans,0.746247,16
20,Kmeans,0.811923,19
20,Kmeans,0.792015,1
20,Kmeans,0.705677,1
20,Kmeans,0.586355,8
20,Kmeans,0.662725,18
20,Kmeans,0.788348,13
20,Kmeans,0.516825,0
20,Kmeans,0.747622,18
20,Kmeans,0.416246,15
20,Kmeans,0.503744,1
20,Kmeans,0.630878,12
20,Kmeans,0.688589,18
20,Kmeans,0.580185,6
20,Kmeans,0.674742,14
20,Kmeans,0.644473,13
20,Kmeans,0.436791,15
20,Kmeans,-0.093541,18
20,Kmeans,0.381265,4
20,Kmeans,0.2702,10
20,Kmeans,0.795355,3
20,Kmeans,0.648038,10
20,Kmeans,0.664992,8
20,Kmeans,0.624569,9
20,Kmeans,0.783702,3
20,Kmeans,0.60938,2
20,Kmeans,0.745967,4
20,Kmeans,0.307483,1
20,Kmeans,0.05726,2
20,Kmeans,0.680753,6
20,Kmeans,0.787997,1
20,Kmeans,0.537977,0
20,Kmeans,0.643402,9
20,Kmeans,0.519643,4
20,Kmeans,0.554204,14
20,Kmeans,-0.313076,9
20,Kmeans,0.593297,1
20,Kmeans,0.719576,7
20,Kmeans,0.306924,8
20,Kmeans,0.566364,10
20,Kmeans,0.740715,4
20,Kmeans,0.791923,16
20,Kmeans,0.730458,0
20,Kmeans,0.523378,0
20,Kmeans,0.654312,12
20,Kmeans,0.643678,14
20,Kmeans,0.721646,18
20,Kmeans,0.421687,17
20,Kmeans,0.0,5
20,Kmeans,0.428742,4
20,Kmeans,0.771168,17
20,Kmeans,0.702334,19
20,Kmeans,0.681169,11
20,Kmeans,0.782005,1
20,Kmeans,0.583713,8
20,Kmeans,0.868923,13
20,Kmeans,0.692024,10
20,Kmeans,0.357861,2
20,Kmeans,0.711638,7
20,Kmeans,0.245669,14
20,Kmeans,0.513414,7
20,Kmeans,0.292202,11
20,Kmeans,0.718751,17
20,Kmeans,0.774494,16
20,Kmeans,0.755016,15
20,Kmeans,0.868555,19
20,Kmeans,0.720745,10
20,Kmeans,0.593213,11
20,Kmeans,0.741604,15
20,Kmeans,0.720883,11
20,Kmeans,0.2702,10
20,Kmeans,0.75557,15
20,Kmeans,0.876571,19
20,Kmeans,0.280943,18
20,Kmeans,0.672307,1
20,Kmeans,0.861998,3
20,Kmeans,0.77768,16
20,Kmeans,0.871522,3
20,Kmeans,0.870489,13
20,Kmeans,0.663793,18
20,GMM,0.849012,15
20,GMM,0.748378,1
20,GMM,0.75822,10
20,GMM,-0.086052,10
20,GMM,0.840846,6
20,GMM,0.838745,2
20,GMM,0.658397,0
20,GMM,0.255044,4
20,GMM,0.30946,11
20,GMM,0.699064,1
20,GMM,0.542508,9
20,GMM,0.71551,11
20,GMM,0.721232,10
20,GMM,0.11926,9
20,GMM,0.697045,1
20,GMM,0.761554,10
20,GMM,0.811923,17
20,GMM,0.762668,1
20,GMM,0.647758,1
20,GMM,0.135546,0
20,GMM,0.566303,8
20,GMM,0.781628,13
20,GMM,0.361091,10
20,GMM,0.722591,8
20,GMM,0.602457,7
20,GMM,0.426796,1
20,GMM,0.549576,5
20,GMM,0.607452,8
20,GMM,0.608671,2
20,GMM,0.654417,4
20,GMM,0.589203,13
20,GMM,0.218453,16
20,GMM,0.192427,1
20,GMM,0.638132,9
20,GMM,0.71269,9
20,GMM,0.773264,18
20,GMM,0.220754,9
20,GMM,0.736615,0
20,GMM,0.853927,12
20,GMM,0.7503,18
20,GMM,0.44159,19
20,GMM,0.264512,9
20,GMM,0.218441,1
20,GMM,0.56131,16
20,GMM,0.838326,2
20,GMM,0.753837,1
20,GMM,0.42473,4
20,GMM,0.82894,12
20,GMM,-0.119652,9
20,GMM,0.53637,4
20,GMM,0.411208,8
20,GMM,0.668241,1
20,GMM,0.868819,15
20,GMM,0.00772,19
20,GMM,0.671277,9
20,GMM,0.232897,9
20,GMM,0.655935,10
20,GMM,-0.033517,4
20,GMM,0.355826,10
20,GMM,0.654312,5
20,GMM,0.662717,4
20,GMM,0.775855,8
20,GMM,0.657393,6
20,GMM,0.0,14
20,GMM,0.626359,9
20,GMM,0.826363,6
20,GMM,0.720556,17
20,GMM,0.681169,11
20,GMM,0.765787,1
20,GMM,0.766228,0
20,GMM,0.853545,13
20,GMM,0.604171,9
20,GMM,0.65715,19
20,GMM,0.50409,3
20,GMM,0.63079,4
20,GMM,0.668489,3
20,GMM,0.292202,11
20,GMM,0.815432,6
20,GMM,0.763592,10
20,GMM,0.706519,7
20,GMM,0.875286,17
20,GMM,0.419492,9
20,GMM,0.593213,11
20,GMM,0.841303,7
20,GMM,0.720883,11
20,GMM,0.71269,9
20,GMM,0.835972,7
20,GMM,0.882361,17
20,GMM,0.618649,8
20,GMM,0.610044,1
20,GMM,0.84284,18
20,GMM,0.644383,10
20,GMM,0.855074,18
20,GMM,0.855497,13
20,GMM,0.779243,8
25,Kmeans,0.849012,8
25,Kmeans,0.748378,1
25,Kmeans,0.722625,12
25,Kmeans,0.149729,12
25,Kmeans,0.745768,6
25,Kmeans,0.838745,2
25,Kmeans,0.665679,0
25,Kmeans,0.65491,5
25,Kmeans,0.30946,9
25,Kmeans,0.699064,1
25,Kmeans,0.576202,24
25,Kmeans,0.71551,9
25,Kmeans,0.778851,12
25,Kmeans,0.662913,24
25,Kmeans,0.697045,1
25,Kmeans,0.626034,12
25,Kmeans,0.811923,18
25,Kmeans,0.762668,1
25,Kmeans,0.647758,1
25,Kmeans,0.602376,23
25,Kmeans,0.566303,16
25,Kmeans,0.781628,14
25,Kmeans,0.570452,5
25,Kmeans,0.722591,16
25,Kmeans,0.602457,17
25,Kmeans,0.426796,1
25,Kmeans,0.549576,3
25,Kmeans,0.607452,16
25,Kmeans,0.536437,2
25,Kmeans,0.606009,20
25,Kmeans,0.589203,14
25,Kmeans,0.218453,13
25,Kmeans,0.192427,1
25,Kmeans,0.52124,10
25,Kmeans,0.675681,10
25,Kmeans,0.773264,4
25,Kmeans,0.72442,24
25,Kmeans,0.599985,0
25,Kmeans,0.853927,7
25,Kmeans,0.7503,4
25,Kmeans,0.68029,21
25,Kmeans,0.809512,22
25,Kmeans,0.218441,1
25,Kmeans,0.475819,13
25,Kmeans,0.838326,2
25,Kmeans,0.753837,1
25,Kmeans,0.400505,5
25,Kmeans,0.82894,7
25,Kmeans,0.757342,22
25,Kmeans,0.0,15
25,Kmeans,0.411208,16
25,Kmeans,0.668241,1
25,Kmeans,0.868819,8
25,Kmeans,0.650829,23
25,Kmeans,0.201851,10
25,Kmeans,0.833816,22
25,Kmeans,0.784428,12
25,Kmeans,0.747933,5
25,Kmeans,0.576028,5
25,Kmeans,0.654312,3
25,Kmeans,0.72915,20
25,Kmeans,0.775855,16
25,Kmeans,0.241245,6
25,Kmeans,0.0,11
25,Kmeans,0.464419,10
25,Kmeans,0.734717,6
25,Kmeans,0.720556,18
25,Kmeans,0.681169,9
25,Kmeans,0.765787,1
25,Kmeans,0.782797,0
25,Kmeans,0.853545,14
25,Kmeans,0.296914,24
25,Kmeans,0.530039,21
25,Kmeans,0.50409,19
25,Kmeans,0.544603,20
25,Kmeans,0.668489,19
25,Kmeans,0.292202,9
25,Kmeans,0.656566,6
25,Kmeans,0.658396,12
25,Kmeans,0.706519,17
25,Kmeans,0.875286,18
25,Kmeans,0.718481,24
25,Kmeans,0.593213,9
25,Kmeans,0.841303,17
25,Kmeans,0.720883,9
25,Kmeans,0.675681,10
25,Kmeans,0.835972,17
25,Kmeans,0.882361,18
25,Kmeans,0.618649,16
25,Kmeans,0.610044,1
25,Kmeans,0.84284,4
25,Kmeans,0.781035,12
25,Kmeans,0.855074,4
25,Kmeans,0.855497,14
25,Kmeans,0.779243,16
25,GMM,0.849012,8
25,GMM,0.748378,1
25,GMM,0.722625,12
25,GMM,0.149729,12
25,GMM,0.745768,6
25,GMM,0.838745,2
25,GMM,0.665679,0
25,GMM,0.65491,5
25,GMM,0.30946,9
25,GMM,0.699064,1
25,GMM,0.576202,24
25,GMM,0.71551,9
25,GMM,0.778851,12
25,GMM,0.662913,24
25,GMM,0.697045,1
25,GMM,0.626034,12
25,GMM,0.811923,18
25,GMM,0.762668,1
25,GMM,0.647758,1
25,GMM,0.602376,23
25,GMM,0.566303,16
25,GMM,0.781628,14
25,GMM,0.570452,5
25,GMM,0.722591,16
25,GMM,0.602457,17
25,GMM,0.426796,1
25,GMM,0.549576,3
25,GMM,0.607452,16
25,GMM,0.536437,2
25,GMM,0.606009,20
25,GMM,0.589203,14
25,GMM,0.218453,13
25,GMM,0.192427,1
25,GMM,0.52124,10
25,GMM,0.675681,10
25,GMM,0.773264,4
25,GMM,0.72442,24
25,GMM,0.599985,0
25,GMM,0.853927,7
25,GMM,0.7503,4
25,GMM,0.68029,21
25,GMM,0.809512,22
25,GMM,0.218441,1
25,GMM,0.475819,13
25,GMM,0.838326,2
25,GMM,0.753837,1
25,GMM,0.400505,5
25,GMM,0.82894,7
25,GMM,0.757342,22
25,GMM,0.0,15
25,GMM,0.411208,16
25,GMM,0.668241,1
25,GMM,0.868819,8
25,GMM,0.650829,23
25,GMM,0.201851,10
25,GMM,0.833816,22
25,GMM,0.784428,12
25,GMM,0.747933,5
25,GMM,0.576028,5
25,GMM,0.654312,3
25,GMM,0.72915,20
25,GMM,0.775855,16
25,GMM,0.241245,6
25,GMM,0.0,11
25,GMM,0.464419,10
25,GMM,0.734717,6
25,GMM,0.720556,18
25,GMM,0.681169,9
25,GMM,0.765787,1
25,GMM,0.782797,0
25,GMM,0.853545,14
25,GMM,0.296914,24
25,GMM,0.530039,21
25,GMM,0.50409,19
25,GMM,0.544603,20
25,GMM,0.668489,19
25,GMM,0.292202,9
25,GMM,0.656566,6
25,GMM,0.658396,12
25,GMM,0.706519,17
25,GMM,0.875286,18
25,GMM,0.718481,24
25,GMM,0.593213,9
25,GMM,0.841303,17
25,GMM,0.720883,9
25,GMM,0.675681,10
25,GMM,0.835972,17
25,GMM,0.882361,18
25,GMM,0.618649,16
25,GMM,0.610044,1
25,GMM,0.84284,4
25,GMM,0.781035,12
25,GMM,0.855074,4
25,GMM,0.855497,14
25,GMM,0.779243,16
30,Kmeans,0.849012,8
30,Kmeans,0.551029,28
30,Kmeans,0.722625,12
30,Kmeans,0.149729,12
30,Kmeans,0.745768,6
30,Kmeans,0.781866,2
30,Kmeans,0.665679,0
30,Kmeans,0.65491,5
30,Kmeans,0.986696,26
30,Kmeans,0.66023,28
30,Kmeans,0.576202,24
30,Kmeans,0.617095,9
30,Kmeans,0.778851,12
30,Kmeans,0.662913,24
30,Kmeans,0.620896,1
30,Kmeans,0.626034,12
30,Kmeans,0.676186,18
30,Kmeans,0.028667,1
30,Kmeans,0.692204,1
30,Kmeans,0.602376,23
30,Kmeans,0.815101,27
30,Kmeans,0.591971,14
30,Kmeans,0.570452,5
30,Kmeans,0.584536,27
30,Kmeans,0.602457,17
30,Kmeans,0.664824,1
30,Kmeans,0.0,25
30,Kmeans,0.833924,27
30,Kmeans,0.536437,2
30,Kmeans,0.606009,20
30,Kmeans,0.0,29
30,Kmeans,0.218453,13
30,Kmeans,0.212099,28
30,Kmeans,0.52124,10
30,Kmeans,0.675681,10
30,Kmeans,0.773264,4
30,Kmeans,0.72442,24
30,Kmeans,0.599985,0
30,Kmeans,0.831162,7
30,Kmeans,0.7503,4
30,Kmeans,0.68029,21
30,Kmeans,0.809512,22
30,Kmeans,0.539061,1
30,Kmeans,0.475819,13
30,Kmeans,0.781251,2
30,Kmeans,0.262407,1
30,Kmeans,0.400505,5
30,Kmeans,0.796865,7
30,Kmeans,0.757342,22
30,Kmeans,0.0,15
30,Kmeans,0.521564,16
30,Kmeans,0.666376,28
30,Kmeans,0.868819,8
30,Kmeans,0.650829,23
30,Kmeans,0.201851,10
30,Kmeans,0.833816,22
30,Kmeans,0.784428,12
30,Kmeans,0.747933,5
30,Kmeans,0.576028,5
30,Kmeans,0.0,3
30,Kmeans,0.72915,20
30,Kmeans,-0.165487,16
30,Kmeans,0.241245,6
30,Kmeans,0.0,11
30,Kmeans,0.464419,10
30,Kmeans,0.734717,6
30,Kmeans,0.638752,18
30,Kmeans,0.12473,9
30,Kmeans,0.12793,28
30,Kmeans,0.782797,0
30,Kmeans,0.604565,14
30,Kmeans,0.296914,24
30,Kmeans,0.530039,21
30,Kmeans,0.50409,19
30,Kmeans,0.544603,20
30,Kmeans,0.668489,19
30,Kmeans,0.98687,26
30,Kmeans,0.656566,6
30,Kmeans,0.658396,12
30,Kmeans,0.706519,17
30,Kmeans,0.825327,18
30,Kmeans,0.718481,24
30,Kmeans,0.501392,9
30,Kmeans,0.841303,17
30,Kmeans,0.575311,9
30,Kmeans,0.675681,10
30,Kmeans,0.835972,17
30,Kmeans,0.808829,18
30,Kmeans,0.572938,16
30,Kmeans,0.70159,1
30,Kmeans,0.84284,4
30,Kmeans,0.781035,12
30,Kmeans,0.855074,4
30,Kmeans,0.651309,14
30,Kmeans,0.239955,16
30,GMM,0.849012,8
30,GMM,0.551029,28
30,GMM,0.722625,12
30,GMM,0.149729,12
30,GMM,0.745768,6
30,GMM,0.781866,2
30,GMM,0.665679,0
30,GMM,0.65491,5
30,GMM,0.986696,26
30,GMM,0.66023,28
30,GMM,0.576202,24
30,GMM,0.617095,9
30,GMM,0.778851,12
30,GMM,0.662913,24
30,GMM,0.620896,1
30,GMM,0.626034,12
30,GMM,0.676186,18
30,GMM,0.028667,1
30,GMM,0.692204,1
30,GMM,0.602376,23
30,GMM,0.815101,27
30,GMM,0.591971,14
30,GMM,0.570452,5
30,GMM,0.584536,27
30,GMM,0.602457,17
30,GMM,0.664824,1
30,GMM,0.0,25
30,GMM,0.833924,27
30,GMM,0.536437,2
30,GMM,0.606009,20
30,GMM,0.0,29
30,GMM,0.218453,13
30,GMM,0.212099,28
30,GMM,0.52124,10
30,GMM,0.675681,10
30,GMM,0.773264,4
30,GMM,0.72442,24
30,GMM,0.599985,0
30,GMM,0.831162,7
30,GMM,0.7503,4
30,GMM,0.68029,21
30,GMM,0.809512,22
30,GMM,0.539061,1
30,GMM,0.475819,13
30,GMM,0.781251,2
30,GMM,0.262407,1
30,GMM,0.400505,5
30,GMM,0.796865,7
30,GMM,0.757342,22
30,GMM,0.0,15
30,GMM,0.521564,16
30,GMM,0.666376,28
30,GMM,0.868819,8
30,GMM,0.650829,23
30,GMM,0.201851,10
30,GMM,0.833816,22
30,GMM,0.784428,12
30,GMM,0.747933,5
30,GMM,0.576028,5
30,GMM,0.0,3
30,GMM,0.72915,20
30,GMM,-0.165487,16
30,GMM,0.241245,6
30,GMM,0.0,11
30,GMM,0.464419,10
30,GMM,0.734717,6
30,GMM,0.638752,18
30,GMM,0.12473,9
30,GMM,0.12793,28
30,GMM,0.782797,0
30,GMM,0.604565,14
30,GMM,0.296914,24
30,GMM,0.530039,21
30,GMM,0.50409,19
30,GMM,0.544603,20
30,GMM,0.668489,19
30,GMM,0.98687,26
30,GMM,0.656566,6
30,GMM,0.658396,12
30,GMM,0.706519,17
30,GMM,0.825327,18
30,GMM,0.718481,24
30,GMM,0.501392,9
30,GMM,0.841303,17
30,GMM,0.575311,9
30,GMM,0.675681,10
30,GMM,0.835972,17
30,GMM,0.808829,18
30,GMM,0.572938,16
30,GMM,0.70159,1
30,GMM,0.84284,4
30,GMM,0.781035,12
30,GMM,0.855074,4
30,GMM,0.651309,14
30,GMM,0.239955,16
