steps,time,reward,delta,converged
1,0.0230340000000524,-4.754491017964072,0,False
2,0.01202899999998408,-2.9182879377431905,99.99961643868056,False
3,0.012240999999903579,-3.607547169811321,99.99961643868056,False
4,0.004378999999971711,-2.0210526315789474,99.99961643868056,False
5,0.003956000000016502,-0.9767441860465116,99.99961643868056,False
6,0.005756999999903201,-1.7698412698412698,99.99961643868056,False
7,0.0012910000000374566,2.607142857142857,99.99961643868056,False
8,0.001251000000138447,2.740740740740741,99.99961643868056,False
9,0.0007040000000415603,5.733333333333333,99.99961643868056,False
10,0.0022469999998975254,-2.979591836734694,99.99961643868056,False
11,0.0010120000001734297,3.590909090909091,99.99961643868056,False
12,0.0011930000000575092,2.8846153846153846,99.99961643868056,False
13,0.00215000000002874,-3.0638297872340425,99.99961643868056,False
14,0.0008789999999407883,4.315789473684211,99.99961643868056,False
15,0.0007879999998294807,4.9411764705882355,99.99961643868056,False
16,0.0007899999998244311,4.9411764705882355,99.99961643868056,False
17,0.0006960000000617583,5.733333333333333,99.99961643868056,False
18,0.0008860000000368018,4.315789473684211,99.99961643868056,False
19,0.0013440000000173313,2.4827586206896552,99.99961643868056,False
20,0.0007029999999303982,5.733333333333333,99.99961643868056,False
21,0.0009749999999257852,3.8095238095238093,99.99961643868056,False
22,0.001427000000148837,-0.9354838709677419,99.99961643868056,False
23,0.0006999999998242856,5.733333333333333,99.99961643868056,False
24,0.0006979999998293351,5.733333333333333,99.99961643868056,False
25,0.0006979999998293351,5.733333333333333,99.99961643868056,False
26,0.0006989999999404972,5.733333333333333,99.99961643868056,False
27,0.0007430000000567816,5.3125,99.99961643868056,False
28,0.0015539999999418797,-0.9411764705882353,99.99961643868056,False
29,0.0006920000000718574,5.733333333333333,99.99961643868056,False
30,0.0006909999999606953,5.733333333333333,99.99961643868056,False
31,0.0006880000000819564,5.733333333333333,99.99961643868056,False
32,0.0006959999998343847,5.733333333333333,99.99961643868056,False
33,0.0006919999998444837,5.733333333333333,99.99961643868056,False
34,0.0007780000000821019,4.9411764705882355,99.99961643868056,False
35,0.0024399999999786814,-2.7962962962962963,99.99961643868056,False
36,0.0006909999999606953,5.733333333333333,99.99961643868056,False
37,0.0007370000000719301,5.3125,99.99961643868056,False
38,0.0011870000000726577,-0.9230769230769231,99.99961643868056,False
39,0.0007840000000669534,4.9411764705882355,99.99961643868056,False
40,0.0006899999998495332,5.733333333333333,99.99961643868056,False
41,0.000822999999854801,4.611111111111111,99.99961643868056,False
42,0.0006909999999606953,5.733333333333333,99.99961643868056,False
43,0.0014659999999366846,-4.03125,99.99961643868056,False
44,0.0006949999999505962,5.733333333333333,99.99961643868056,False
45,0.0013639999999668362,-0.9333333333333333,99.99961643868056,False
46,0.0013640000001942099,-0.9333333333333333,99.99961643868056,False
47,0.0024679999999079882,-0.9636363636363636,99.99961643868056,False
48,0.0006900000000769069,5.733333333333333,99.99961643868056,False
49,0.0007780000000821019,4.9411764705882355,99.99961643868056,False
50,0.0006880000000819564,5.733333333333333,99.99961643868056,False
51,0.0006900000000769069,5.733333333333333,99.99961643868056,False
52,0.0008669999999710853,4.315789473684211,99.99961643868056,False
53,0.0006889999999657448,5.733333333333333,99.99961643868056,False
54,0.0006889999999657448,5.733333333333333,99.99961643868056,False
55,0.0006860000000870059,5.733333333333333,99.99961643868056,False
56,0.0006879999998545827,5.733333333333333,99.99961643868056,False
57,0.0006920000000718574,5.733333333333333,99.99961643868056,False
58,0.0007760000000871514,4.9411764705882355,99.99961643868056,False
59,0.0006909999999606953,5.733333333333333,99.99961643868056,False
60,0.0006900000000769069,5.733333333333333,99.99961643868056,False
61,0.0013150000002042361,-0.9310344827586207,99.99961643868056,False
62,0.002216999999973268,-5.0,99.99961643868056,False
63,0.00454899999999725,-0.9801980198019802,99.99961643868056,False
64,0.0006899999998495332,5.733333333333333,99.99961643868056,False
65,0.0007350000000769796,5.3125,99.99961643868056,False
66,0.0006880000000819564,5.733333333333333,99.99961643868056,False
67,0.0006889999999657448,5.733333333333333,99.99961643868056,False
68,0.0007000000000516593,5.733333333333333,99.99961643868056,False
69,0.0006949999999505962,5.733333333333333,99.99961643868056,False
70,0.0007839999998395797,4.9411764705882355,99.99961643868056,False
71,0.0006899999998495332,5.733333333333333,99.99961643868056,False
72,0.0007800000000770524,4.9411764705882355,99.99961643868056,False
73,0.0007129999999051506,5.733333333333333,99.99961643868056,False
74,0.0009190000000671716,4.05,99.99961643868056,False
75,0.00194799999985662,-0.9534883720930233,99.99961643868056,False
76,0.0008759999998346757,4.315789473684211,99.99961643868056,False
77,0.0014069999999719585,-0.9354838709677419,99.99961643868056,False
78,0.0007789999999658903,4.9411764705882355,99.99961643868056,False
79,0.002895000000080472,-4.0625,99.99961643868056,False
80,0.0007780000000821019,4.9411764705882355,99.99961643868056,False
81,0.0006930000001830194,5.733333333333333,99.99961643868056,False
82,0.0006909999999606953,5.733333333333333,99.99961643868056,False
83,0.0006909999999606953,5.733333333333333,99.99961643868056,False
84,0.0007389999998395069,-0.875,99.99961643868056,False
85,0.0007389999998395069,-0.875,99.99961643868056,False
86,0.002797999999984313,-0.967741935483871,99.99961643868056,False
87,0.0006909999999606953,5.733333333333333,99.99961643868056,False
88,0.0007650000000012369,5.733333333333333,99.99961643868056,False
89,0.0008880000000317523,5.733333333333333,99.99961643868056,False
90,0.0006889999999657448,5.733333333333333,99.99961643868056,False
91,0.0006869999999707943,5.733333333333333,99.99961643868056,False
92,0.0007819999998446292,4.9411764705882355,99.99961643868056,False
93,0.0012359999998352578,-0.9259259259259259,99.99961643868056,False
94,0.0007859999998345302,4.9411764705882355,99.99961643868056,False
95,0.0007779999998547282,4.9411764705882355,99.99961643868056,False
96,0.0015040000000681175,-0.9393939393939394,99.99961643868056,False
97,0.0007779999998547282,4.9411764705882355,99.99961643868056,False
98,0.0007340000001931912,5.3125,99.99961643868056,False
99,0.0007779999998547282,4.9411764705882355,99.99961643868056,False
100,0.0006889999999657448,5.733333333333333,99.99961643868056,False
101,0.0013149999999768625,-0.9310344827586207,99.99961643868056,False
102,0.0006909999999606953,5.733333333333333,99.99961643868056,False
103,0.0009179999999560096,-0.9,99.99961643868056,False
104,0.0006900000000769069,5.733333333333333,99.99961643868056,False
105,0.0006880000000819564,5.733333333333333,99.99961643868056,False
106,0.0006859999998596322,5.733333333333333,99.99961643868056,False
107,0.000910999999859996,4.05,99.99961643868056,False
108,0.0007329999998546555,-0.875,99.99961643868056,False
109,0.0006849999999758438,5.733333333333333,99.99961643868056,False
110,0.0007330000000820291,5.3125,99.99961643868056,False
111,0.0026569999999992433,-0.9661016949152542,99.99961643868056,False
112,0.0007729999999810389,4.9411764705882355,99.99961643868056,False
113,0.0007310000000870787,-0.875,99.99961643868056,False
114,0.001680999999962296,-0.9459459459459459,99.99961643868056,False
115,0.0006899999998495332,5.733333333333333,99.99961643868056,False
116,0.0006909999999606953,5.733333333333333,99.99961643868056,False
117,0.0008669999999710853,4.315789473684211,99.99961643868056,False
118,0.0009210000000621221,4.05,99.99961643868056,False
119,0.0006949999999505962,5.733333333333333,99.99961643868056,False
120,0.0012799999999515421,-0.9285714285714286,99.99961643868056,False
121,0.0007290000000921282,5.3125,99.99961643868056,False
122,0.0006930000001830194,5.733333333333333,99.99961643868056,False
123,0.0007759999998597777,4.9411764705882355,99.99961643868056,False
124,0.0006860000000870059,5.733333333333333,99.99961643868056,False
125,0.0006869999999707943,5.733333333333333,99.99961643868056,False
126,0.0007779999998547282,4.9411764705882355,99.99961643868056,False
127,0.0006889999999657448,5.733333333333333,99.99961643868056,False
128,0.0006880000000819564,5.733333333333333,99.99961643868056,False
129,0.0019890000000941654,-3.2045454545454546,99.99961643868056,False
130,0.0006900000000769069,5.733333333333333,99.99961643868056,False
131,0.0006880000000819564,5.733333333333333,99.99961643868056,False
132,0.0006889999999657448,5.733333333333333,99.99961643868056,False
133,0.0007740000000922009,4.9411764705882355,99.99961643868056,False
134,0.000779000000193264,4.9411764705882355,99.99961643868056,False
135,0.0008700000000771979,4.315789473684211,99.99961643868056,False
136,0.0006880000000819564,5.733333333333333,99.99961643868056,False
137,0.0012570000001232984,-0.9259259259259259,99.99961643868056,False
138,0.0006960000000617583,5.733333333333333,99.99961643868056,False
139,0.0006920000000718574,5.733333333333333,99.99961643868056,False
140,0.001320999999961714,-0.9310344827586207,99.99961643868056,False
141,0.001414000000067972,-4.129032258064516,99.99961643868056,False
142,0.000735999999960768,5.3125,99.99961643868056,False
143,0.0012810000000627042,-0.9285714285714286,99.99961643868056,False
144,0.0006949999999505962,5.733333333333333,99.99961643868056,False
145,0.0007879999998294807,4.9411764705882355,99.99961643868056,False
146,0.0006920000000718574,5.733333333333333,99.99961643868056,False
147,0.0006929999999556458,5.733333333333333,99.99961643868056,False
148,0.0006929999999556458,5.733333333333333,99.99961643868056,False
149,0.0006939999998394342,5.733333333333333,99.99961643868056,False
150,0.0006929999999556458,5.733333333333333,99.99961643868056,False
151,0.0006909999999606953,5.733333333333333,99.99961643868056,False
152,0.0007860000000619038,4.9411764705882355,99.99961643868056,False
153,0.0006920000000718574,5.733333333333333,99.99961643868056,False
154,0.0006990000001678709,5.733333333333333,99.99961643868056,False
155,0.0007839999998395797,4.9411764705882355,99.99961643868056,False
156,0.0006900000000769069,5.733333333333333,99.99961643868056,False
157,0.0006890000001931185,5.733333333333333,99.99961643868056,False
158,0.0006900000000769069,5.733333333333333,99.99961643868056,False
159,0.000783000000183165,4.9411764705882355,99.99961643868056,False
160,0.0006919999998444837,5.733333333333333,99.99961643868056,False
161,0.0006939999998394342,5.733333333333333,99.99961643868056,False
162,0.0009620000000722939,-0.9047619047619048,99.99961643868056,False
163,0.002395999999862397,-2.830188679245283,99.99961643868056,False
164,0.0006909999999606953,5.733333333333333,99.99961643868056,False
165,0.0018159999999625143,-0.95,99.99961643868056,False
166,0.0009150000000772707,4.05,99.99961643868056,False
167,0.0006889999999657448,5.733333333333333,99.99961643868056,False
168,0.0006929999999556458,5.733333333333333,99.99961643868056,False
169,0.0006959999998343847,5.733333333333333,99.99961643868056,False
170,0.0007819999998446292,4.9411764705882355,99.99961643868056,False
171,0.0006909999999606953,5.733333333333333,99.99961643868056,False
172,0.0008689999999660358,-0.8947368421052632,99.99961643868056,False
173,0.0006929999999556458,5.733333333333333,99.99961643868056,False
174,0.0006889999999657448,5.733333333333333,99.99961643868056,False
175,0.0006889999999657448,5.733333333333333,99.99961643868056,False
176,0.0008250000000771252,4.611111111111111,99.99961643868056,False
177,0.0006920000000718574,5.733333333333333,99.99961643868056,False
178,0.0006909999999606953,5.733333333333333,99.99961643868056,False
179,0.0006879999998545827,5.733333333333333,99.99961643868056,False
180,0.0006959999998343847,5.733333333333333,99.99961643868056,False
181,0.0007779999998547282,4.9411764705882355,99.99961643868056,False
182,0.0006929999999556458,5.733333333333333,99.99961643868056,False
183,0.0008749999999508873,4.315789473684211,99.99961643868056,False
184,0.0008239999999659631,4.611111111111111,99.99961643868056,False
185,0.0006890000001931185,5.733333333333333,99.99961643868056,False
186,0.0006930000001830194,5.733333333333333,99.99961643868056,False
187,0.000691000000188069,5.733333333333333,99.99961643868056,False
188,0.0008679999998548737,4.315789473684211,99.99961643868056,False
189,0.0006859999998596322,5.733333333333333,99.99961643868056,False
190,0.0006900000000769069,5.733333333333333,99.99961643868056,False
191,0.0007940000000417058,4.9411764705882355,99.99961643868056,False
192,0.0011870000000726577,-0.9230769230769231,99.99961643868056,False
193,0.0006899999998495332,5.733333333333333,99.99961643868056,False
194,0.0006940000000668078,5.733333333333333,99.99961643868056,False
195,0.0007520000001477456,-0.875,99.99961643868056,False
196,0.0006849999999758438,5.733333333333333,99.99961643868056,False
197,0.0007789999999658903,4.9411764705882355,99.99961643868056,False
198,0.0013120000000981236,-0.9310344827586207,99.99961643868056,False
199,0.0015829999999823485,-0.9428571428571428,99.99961643868056,False
200,0.0006869999999707943,5.733333333333333,99.99961643868056,False
201,0.0007339999999658176,5.3125,99.99961643868056,False
202,0.001488999999992302,-4.03125,99.99961643868056,False
203,0.0008100000000013097,4.9411764705882355,99.99961643868056,False
204,0.0007120000000213622,5.733333333333333,99.99961643868056,False
205,0.0006949999999505962,5.733333333333333,99.99961643868056,False
206,0.0008150000001023727,4.9411764705882355,99.99961643868056,False
207,0.0012150000000019645,-0.9230769230769231,99.99961643868056,False
208,0.0007049999999253487,5.733333333333333,99.99961643868056,False
209,0.0006979999998293351,5.733333333333333,99.99961643868056,False
210,0.0007009999999354477,5.733333333333333,99.99961643868056,False
211,0.0006909999999606953,5.733333333333333,99.99961643868056,False
212,0.0008699999998498242,4.315789473684211,99.99961643868056,False
213,0.0006919999998444837,5.733333333333333,99.99961643868056,False
214,0.0007020000000466098,5.733333333333333,99.99961643868056,False
215,0.000735999999960768,5.3125,99.99961643868056,False
216,0.0007379999999557185,5.3125,99.99961643868056,False
217,0.0007800000000770524,4.9411764705882355,99.99961643868056,False
218,0.0006949999999505962,5.733333333333333,99.99961643868056,False
219,0.0007089999999152496,5.733333333333333,99.99961643868056,False
220,0.0006929999999556458,5.733333333333333,99.99961643868056,False
221,0.0006939999998394342,5.733333333333333,99.99961643868056,False
222,0.0006940000000668078,5.733333333333333,99.99961643868056,False
223,0.0007010000001628214,5.733333333333333,99.99961643868056,False
224,0.0006960000000617583,5.733333333333333,99.99961643868056,False
225,0.0007370000000719301,5.3125,99.99961643868056,False
226,0.0017249999998512067,-0.9473684210526315,99.99961643868056,False
227,0.0007029999999303982,5.733333333333333,99.99961643868056,False
228,0.0006909999999606953,5.733333333333333,99.99961643868056,False
229,0.0006900000000769069,5.733333333333333,99.99961643868056,False
230,0.0013199999998505518,-0.9310344827586207,99.99961643868056,False
231,0.0007430000000567816,5.3125,99.99961643868056,False
232,0.001678000000083557,-0.9459459459459459,99.99961643868056,False
233,0.0006920000000718574,5.733333333333333,99.99961643868056,False
234,0.0006989999999404972,5.733333333333333,99.99961643868056,False
235,0.0006919999998444837,5.733333333333333,99.99961643868056,False
236,0.0007809999999608408,4.9411764705882355,99.99961643868056,False
237,0.0012759999999616412,-0.9285714285714286,99.99961643868056,False
238,0.0006970000001729204,5.733333333333333,99.99961643868056,False
239,0.0006920000000718574,5.733333333333333,99.99961643868056,False
240,0.0008219999999710126,4.611111111111111,99.99961643868056,False
241,0.0006920000000718574,5.733333333333333,99.99961643868056,False
242,0.000691000000188069,5.733333333333333,99.99961643868056,False
243,0.0006960000000617583,5.733333333333333,99.99961643868056,False
244,0.0007419999999456195,5.3125,99.99961643868056,False
245,0.00236599999993814,-2.8653846153846154,99.99961643868056,False
246,0.0007789999999658903,4.9411764705882355,99.99961643868056,False
247,0.0006909999999606953,5.733333333333333,99.99961643868056,False
248,0.0006909999999606953,5.733333333333333,99.99961643868056,False
249,0.0006929999999556458,5.733333333333333,99.99961643868056,False
250,0.0007019999998192361,5.733333333333333,99.99961643868056,False
251,0.0006929999999556458,5.733333333333333,99.99961643868056,False
252,0.0006949999999505962,5.733333333333333,99.99961643868056,False
253,0.0006929999999556458,5.733333333333333,99.99961643868056,False
254,0.0007809999999608408,4.9411764705882355,99.99961643868056,False
255,0.0006879999998545827,5.733333333333333,99.99961643868056,False
256,0.0006909999999606953,5.733333333333333,99.99961643868056,False
257,0.0006909999999606953,5.733333333333333,99.99961643868056,False
258,0.0006909999999606953,5.733333333333333,99.99961643868056,False
259,0.000739999999950669,5.3125,99.99961643868056,False
260,0.000783000000183165,4.9411764705882355,99.99961643868056,False
261,0.0007789999999658903,4.9411764705882355,99.99961643868056,False
262,0.0007829999999557913,4.9411764705882355,99.99961643868056,False
263,0.0007819999998446292,4.9411764705882355,99.99961643868056,False
264,0.0006929999999556458,5.733333333333333,99.99961643868056,False
265,0.000734999999849606,5.3125,99.99961643868056,False
266,0.0007789999999658903,4.9411764705882355,99.99961643868056,False
267,0.0006889999999657448,5.733333333333333,99.99961643868056,False
268,0.0006990000001678709,5.733333333333333,99.99961643868056,False
269,0.0006960000000617583,5.733333333333333,99.99961643868056,False
270,0.0006960000000617583,5.733333333333333,99.99961643868056,False
271,0.0006969999999455467,5.733333333333333,99.99961643868056,False
272,0.0006929999999556458,5.733333333333333,99.99961643868056,False
273,0.0006940000000668078,5.733333333333333,99.99961643868056,False
274,0.0015039999998407438,-0.9393939393939394,99.99961643868056,False
275,0.0006929999999556458,5.733333333333333,99.99961643868056,False
276,0.0008390000000417785,4.611111111111111,99.99961643868056,False
277,0.0013659999999617867,-0.9333333333333333,99.99961643868056,False
278,0.0014610000000629952,-0.9375,99.99961643868056,False
279,0.0006920000000718574,5.733333333333333,99.99961643868056,False
280,0.0006919999998444837,5.733333333333333,99.99961643868056,False
281,0.0006909999999606953,5.733333333333333,99.99961643868056,False
282,0.0007840000000669534,4.9411764705882355,99.99961643868056,False
283,0.0006839999998646817,5.733333333333333,99.99961643868056,False
284,0.0006909999999606953,5.733333333333333,99.99961643868056,False
285,0.000734999999849606,5.3125,99.99961643868056,False
286,0.0006880000000819564,5.733333333333333,99.99961643868056,False
287,0.0006880000000819564,5.733333333333333,99.99961643868056,False
288,0.0007379999999557185,5.3125,99.99961643868056,False
289,0.0006860000000870059,5.733333333333333,99.99961643868056,False
290,0.0006950000001779699,5.733333333333333,99.99961643868056,False
291,0.0007800000000770524,4.9411764705882355,99.99961643868056,False
292,0.0006909999999606953,5.733333333333333,99.99961643868056,False
293,0.0012379999998302083,-0.9259259259259259,99.99961643868056,False
294,0.0007409999998344574,5.3125,99.99961643868056,False
295,0.0006960000000617583,5.733333333333333,99.99961643868056,False
296,0.0030789999998432904,-0.9705882352941176,99.99961643868056,False
297,0.0007789999999658903,4.9411764705882355,99.99961643868056,False
298,0.0007339999999658176,5.3125,99.99961643868056,False
299,0.0007369999998445564,5.3125,99.99961643868056,False
300,0.0006900000000769069,5.733333333333333,99.99961643868056,False
301,0.0006889999999657448,5.733333333333333,99.99961643868056,False
302,0.0007809999999608408,4.9411764705882355,99.99961643868056,False
303,0.0007379999999557185,5.3125,99.99961643868056,False
304,0.0006940000000668078,5.733333333333333,99.99961643868056,False
305,0.0008239999999659631,4.611111111111111,99.99961643868056,False
306,0.0007379999999557185,-0.875,99.99961643868056,False
307,0.0007819999998446292,4.9411764705882355,99.99961643868056,False
308,0.0007800000000770524,4.9411764705882355,99.99961643868056,False
309,0.0006899999998495332,5.733333333333333,99.99961643868056,False
310,0.0006880000000819564,5.733333333333333,99.99961643868056,False
311,0.0006860000000870059,5.733333333333333,99.99961643868056,False
312,0.0006919999998444837,5.733333333333333,99.99961643868056,False
313,0.0006890000001931185,5.733333333333333,99.99961643868056,False
314,0.0006920000000718574,5.733333333333333,99.99961643868056,False
315,0.0014080000000831205,-0.9354838709677419,99.99961643868056,False
316,0.0006929999999556458,5.733333333333333,99.99961643868056,False
317,0.0006880000000819564,5.733333333333333,99.99961643868056,False
318,0.0007829999999557913,4.9411764705882355,99.99961643868056,False
319,0.0006959999998343847,5.733333333333333,99.99961643868056,False
320,0.0006960000000617583,5.733333333333333,99.99961643868056,False
321,0.0006920000000718574,5.733333333333333,99.99961643868056,False
322,0.0006889999999657448,5.733333333333333,99.99961643868056,False
323,0.0007829999999557913,4.9411764705882355,99.99961643868056,False
324,0.0006889999999657448,5.733333333333333,99.99961643868056,False
325,0.0007060000000365108,5.733333333333333,99.99961643868056,False
326,0.0012329999999565189,-0.9259259259259259,99.99961643868056,False
327,0.0006930000001830194,5.733333333333333,99.99961643868056,False
328,0.0007840000000669534,4.9411764705882355,99.99961643868056,False
329,0.0006970000001729204,5.733333333333333,99.99961643868056,False
330,0.0006929999999556458,5.733333333333333,99.99961643868056,False
331,0.000691000000188069,5.733333333333333,99.99961643868056,False
332,0.0007419999999456195,5.3125,99.99961643868056,False
333,0.0007390000000668806,5.3125,99.99961643868056,False
334,0.0012780000001839653,-0.9285714285714286,99.99961643868056,False
335,0.0007829999999557913,4.9411764705882355,99.99961643868056,False
336,0.0006909999999606953,5.733333333333333,99.99961643868056,False
337,0.0007809999999608408,4.9411764705882355,99.99961643868056,False
338,0.0006909999999606953,5.733333333333333,99.99961643868056,False
339,0.0007800000000770524,4.9411764705882355,99.99961643868056,False
340,0.0007350000000769796,5.3125,99.99961643868056,False
341,0.0006889999999657448,5.733333333333333,99.99961643868056,False
342,0.0006940000000668078,5.733333333333333,99.99961643868056,False
343,0.0006909999999606953,5.733333333333333,99.99961643868056,False
344,0.0006960000000617583,5.733333333333333,99.99961643868056,False
345,0.0006970000001729204,5.733333333333333,99.99961643868056,False
346,0.0006930000001830194,5.733333333333333,99.99961643868056,False
347,0.0007470000000466825,5.3125,99.99961643868056,False
348,0.0006920000000718574,5.733333333333333,99.99961643868056,False
349,0.0006949999999505962,5.733333333333333,99.99961643868056,False
350,0.0007849999999507418,4.9411764705882355,99.99961643868056,False
351,0.0006960000000617583,5.733333333333333,99.99961643868056,False
352,0.000687000000198168,5.733333333333333,99.99961643868056,False
353,0.0007820000000720029,4.9411764705882355,99.99961643868056,False
354,0.0006889999999657448,5.733333333333333,99.99961643868056,False
355,0.0006900000000769069,5.733333333333333,99.99961643868056,False
356,0.0006940000000668078,5.733333333333333,99.99961643868056,False
357,0.0011400000000776345,3.04,99.99961643868056,False
358,0.0007350000000769796,5.3125,99.99961643868056,False
359,0.0006869999999707943,5.733333333333333,99.99961643868056,False
360,0.0008239999999659631,4.611111111111111,99.99961643868056,False
361,0.0006860000000870059,5.733333333333333,99.99961643868056,False
362,0.0007330000000820291,5.3125,99.99961643868056,False
363,0.0006889999999657448,5.733333333333333,99.99961643868056,False
364,0.0006889999999657448,5.733333333333333,99.99961643868056,False
365,0.0006899999998495332,5.733333333333333,99.99961643868056,False
366,0.0006900000000769069,5.733333333333333,99.99961643868056,False
367,0.0007770000001983135,4.9411764705882355,99.99961643868056,False
368,0.0006900000000769069,5.733333333333333,99.99961643868056,False
369,0.0007880000000568543,4.9411764705882355,99.99961643868056,False
370,0.0006970000001729204,5.733333333333333,99.99961643868056,False
371,0.0007809999999608408,4.9411764705882355,99.99961643868056,False
372,0.0006889999999657448,5.733333333333333,99.99961643868056,False
373,0.0014610000000629952,-0.9375,99.99961643868056,False
374,0.0006829999999808933,5.733333333333333,99.99961643868056,False
375,0.0006860000000870059,5.733333333333333,99.99961643868056,False
376,0.0009110000000873697,4.05,99.99961643868056,False
377,0.0006879999998545827,5.733333333333333,99.99961643868056,False
378,0.0007779999998547282,4.9411764705882355,99.99961643868056,False
379,0.0007389999998395069,5.3125,99.99961643868056,False
380,0.0006849999999758438,5.733333333333333,99.99961643868056,False
381,0.0012309999999615684,-0.9259259259259259,99.99961643868056,False
382,0.0006900000000769069,5.733333333333333,99.99961643868056,False
383,0.0006889999999657448,5.733333333333333,99.99961643868056,False
384,0.0008649999999761349,5.733333333333333,99.99961643868056,False
385,0.0008080000000063592,5.733333333333333,99.99961643868056,False
386,0.0007000000000516593,5.733333333333333,99.99961643868056,False
387,0.0006980000000567088,5.733333333333333,99.99961643868056,False
388,0.0006960000000617583,5.733333333333333,99.99961643868056,False
389,0.0006869999999707943,5.733333333333333,99.99961643868056,False
390,0.0007400000001780427,5.3125,99.99961643868056,False
391,0.0006900000000769069,5.733333333333333,99.99961643868056,False
392,0.0006889999999657448,5.733333333333333,99.99961643868056,False
393,0.0006949999999505962,5.733333333333333,99.99961643868056,False
394,0.0009700000000520959,-0.9047619047619048,99.99961643868056,False
395,0.0006950000001779699,5.733333333333333,99.99961643868056,False
396,0.0008290000000670261,4.611111111111111,99.99961643868056,False
397,0.0007809999999608408,4.9411764705882355,99.99961643868056,False
398,0.0006940000000668078,5.733333333333333,99.99961643868056,False
399,0.0006940000000668078,5.733333333333333,99.99961643868056,False
400,0.0006899999998495332,5.733333333333333,99.99961643868056,False
401,0.0006849999999758438,5.733333333333333,99.99961643868056,False
402,0.0013650000000779983,-0.9333333333333333,99.99961643868056,False
403,0.0007960000000366563,4.9411764705882355,99.99961643868056,False
404,0.0006929999999556458,5.733333333333333,99.99961643868056,False
405,0.0008780000000569999,4.315789473684211,99.99961643868056,False
406,0.0013679999999567372,-0.9333333333333333,99.99961643868056,False
407,0.0006909999999606953,5.733333333333333,99.99961643868056,False
408,0.0013679999999567372,-0.9333333333333333,99.99961643868056,False
409,0.0006949999999505962,5.733333333333333,99.99961643868056,False
410,0.0006929999999556458,5.733333333333333,99.99961643868056,False
411,0.0006860000000870059,5.733333333333333,99.99961643868056,False
412,0.0006909999999606953,5.733333333333333,99.99961643868056,False
413,0.0006949999999505962,5.733333333333333,99.99961643868056,False
414,0.0019420000000991422,-0.9523809523809523,99.99961643868056,False
415,0.0007849999999507418,4.9411764705882355,99.99961643868056,False
416,0.0006940000000668078,5.733333333333333,99.99961643868056,False
417,0.0006939999998394342,5.733333333333333,99.99961643868056,False
418,0.0010589999999410793,4.611111111111111,99.99961643868056,False
419,0.0007200000000011642,5.733333333333333,99.99961643868056,False
420,0.0008159999999861611,-0.8823529411764706,99.99961643868056,False
421,0.0006949999999505962,5.733333333333333,99.99961643868056,False
422,0.0007860000000619038,4.9411764705882355,99.99961643868056,False
423,0.0007860000000619038,4.9411764705882355,99.99961643868056,False
424,0.000691000000188069,5.733333333333333,99.99961643868056,False
425,0.0007910000001629669,4.9411764705882355,99.99961643868056,False
426,0.0007470000000466825,5.3125,99.99961643868056,False
427,0.0007510000000365835,5.733333333333333,99.99961643868056,False
428,0.0007140000000163127,5.733333333333333,99.99961643868056,False
429,0.0007010000001628214,5.733333333333333,99.99961643868056,False
430,0.0006990000001678709,5.733333333333333,99.99961643868056,False
431,0.0007000000000516593,5.733333333333333,99.99961643868056,False
432,0.0006920000000718574,5.733333333333333,99.99961643868056,False
433,0.000783000000183165,4.9411764705882355,99.99961643868056,False
434,0.0006920000000718574,5.733333333333333,99.99961643868056,False
435,0.0006949999999505962,5.733333333333333,99.99961643868056,False
436,0.0006909999999606953,5.733333333333333,99.99961643868056,False
437,0.0006920000000718574,5.733333333333333,99.99961643868056,False
438,0.0012779999999565916,-0.9285714285714286,99.99961643868056,False
439,0.0006960000000617583,5.733333333333333,99.99961643868056,False
440,0.0008820000000469008,5.733333333333333,99.99961643868056,False
441,0.0007169999998950516,5.733333333333333,99.99961643868056,False
442,0.0007000000000516593,5.733333333333333,99.99961643868056,False
443,0.0007000000000516593,5.733333333333333,99.99961643868056,False
444,0.0007000000000516593,5.733333333333333,99.99961643868056,False
445,0.0006969999999455467,5.733333333333333,99.99961643868056,False
446,0.0009350000000267755,4.315789473684211,99.99961643868056,False
447,0.0006990000001678709,5.733333333333333,99.99961643868056,False
448,0.0007030000001577719,5.733333333333333,99.99961643868056,False
449,0.0006949999999505962,5.733333333333333,99.99961643868056,False
450,0.0006960000000617583,5.733333333333333,99.99961643868056,False
451,0.0006930000001830194,5.733333333333333,99.99961643868056,False
452,0.0007820000000720029,4.9411764705882355,99.99961643868056,False
453,0.0006969999999455467,5.733333333333333,99.99961643868056,False
454,0.0006920000000718574,5.733333333333333,99.99961643868056,False
455,0.0008270000000720756,-0.8888888888888888,99.99961643868056,False
456,0.0008290000000670261,4.611111111111111,99.99961643868056,False
457,0.0006969999999455467,5.733333333333333,99.99961643868056,False
458,0.0006920000000718574,5.733333333333333,99.99961643868056,False
459,0.0006919999998444837,5.733333333333333,99.99961643868056,False
460,0.000822999999854801,4.9411764705882355,99.99961643868056,False
461,0.0007149999999001011,5.733333333333333,99.99961643868056,False
462,0.0006960000000617583,5.733333333333333,99.99961643868056,False
463,0.0006929999999556458,5.733333333333333,99.99961643868056,False
464,0.0008629999999811844,5.733333333333333,99.99961643868056,False
465,0.0007210000001123262,5.733333333333333,99.99961643868056,False
466,0.0007029999999303982,5.733333333333333,99.99961643868056,False
467,0.0007129999999051506,5.733333333333333,99.99961643868056,False
468,0.0006980000000567088,5.733333333333333,99.99961643868056,False
469,0.0008350000000518776,-0.8888888888888888,99.99961643868056,False
470,0.0007019999998192361,5.733333333333333,99.99961643868056,False
471,0.0006919999998444837,5.733333333333333,99.99961643868056,False
472,0.0007390000000668806,5.3125,99.99961643868056,False
473,0.0007809999999608408,4.9411764705882355,99.99961643868056,False
474,0.0006929999999556458,5.733333333333333,99.99961643868056,False
475,0.0006920000000718574,5.733333333333333,99.99961643868056,False
476,0.0006920000000718574,5.733333333333333,99.99961643868056,False
477,0.0006930000001830194,5.733333333333333,99.99961643868056,False
478,0.000691000000188069,5.733333333333333,99.99961643868056,False
479,0.0006939999998394342,5.733333333333333,99.99961643868056,False
480,0.0006889999999657448,5.733333333333333,99.99961643868056,False
481,0.0006889999999657448,5.733333333333333,99.99961643868056,False
482,0.0006869999999707943,5.733333333333333,99.99961643868056,False
483,0.000691000000188069,5.733333333333333,99.99961643868056,False
484,0.0007049999999253487,5.733333333333333,99.99961643868056,False
485,0.0007279999999809661,5.733333333333333,99.99961643868056,False
486,0.0006980000000567088,5.733333333333333,99.99961643868056,False
487,0.0006949999999505962,5.733333333333333,99.99961643868056,False
488,0.0008780000000569999,5.733333333333333,99.99961643868056,False
489,0.0008060000000114087,4.9411764705882355,99.99961643868056,False
490,0.0006949999999505962,5.733333333333333,99.99961643868056,False
491,0.0006929999999556458,5.733333333333333,99.99961643868056,False
492,0.0007100000000264117,5.733333333333333,99.99961643868056,False
493,0.0007040000000415603,5.733333333333333,99.99961643868056,False
494,0.0007840000000669534,4.9411764705882355,99.99961643868056,False
495,0.0006920000000718574,5.733333333333333,99.99961643868056,False
496,0.0006890000001931185,5.733333333333333,99.99961643868056,False
497,0.0006900000000769069,5.733333333333333,99.99961643868056,False
498,0.0008259999999609136,-0.8888888888888888,99.99961643868056,False
499,0.0007329999998546555,5.3125,99.99961643868056,False
500,0.0006879999998545827,5.733333333333333,99.99961643868056,False
501,0.0006839999998646817,5.733333333333333,99.99961643868056,False
502,0.0006930000001830194,5.733333333333333,99.99961643868056,False
503,0.0013369999999213178,-0.9285714285714286,99.99961643868056,False
504,0.0007129999999051506,5.733333333333333,99.99961643868056,False
505,0.0006889999999657448,5.733333333333333,99.99961643868056,False
506,0.0006980000000567088,5.733333333333333,99.99961643868056,False
507,0.0006919999998444837,5.733333333333333,99.99961643868056,False
508,0.0006900000000769069,5.733333333333333,99.99961643868056,False
509,0.0006909999999606953,5.733333333333333,99.99961643868056,False
510,0.0006879999998545827,5.733333333333333,99.99961643868056,False
511,0.0009720000000470463,4.9411764705882355,99.99961643868056,False
512,0.0006989999999404972,5.733333333333333,99.99961643868056,False
513,0.0007860000000619038,4.9411764705882355,99.99961643868056,False
514,0.0006900000000769069,5.733333333333333,99.99961643868056,False
515,0.0006940000000668078,5.733333333333333,99.99961643868056,False
516,0.0006859999998596322,5.733333333333333,99.99961643868056,False
517,0.0008270000000720756,4.611111111111111,99.99961643868056,False
518,0.0007340000001931912,5.3125,99.99961643868056,False
519,0.0007000000000516593,5.733333333333333,99.99961643868056,False
520,0.0007850000001781154,4.9411764705882355,99.99961643868056,False
521,0.0006950000001779699,5.733333333333333,99.99961643868056,False
522,0.0008299999999508145,4.9411764705882355,99.99961643868056,False
523,0.0007900000000518048,4.9411764705882355,99.99961643868056,False
524,0.0007029999999303982,5.733333333333333,99.99961643868056,False
525,0.003975999999966007,-0.9770114942528736,99.99961643868056,False
526,0.0007049999999253487,5.733333333333333,99.99961643868056,False
527,0.0007120000000213622,5.733333333333333,99.99961643868056,False
528,0.0006970000001729204,5.733333333333333,99.99961643868056,False
529,0.0012030000000322616,-0.9230769230769231,99.99961643868056,False
530,0.0006920000000718574,5.733333333333333,99.99961643868056,False
531,0.0006959999998343847,5.733333333333333,99.99961643868056,False
532,0.0006900000000769069,5.733333333333333,99.99961643868056,False
533,0.0007850000001781154,4.9411764705882355,99.99961643868056,False
534,0.000691000000188069,5.733333333333333,99.99961643868056,False
535,0.0006900000000769069,5.733333333333333,99.99961643868056,False
536,0.0007450000000517321,5.733333333333333,99.99961643868056,False
537,0.0007080000000314612,5.733333333333333,99.99961643868056,False
538,0.0006949999999505962,5.733333333333333,99.99961643868056,False
539,0.0006889999999657448,5.733333333333333,99.99961643868056,False
540,0.0007840000000669534,4.9411764705882355,99.99961643868056,False
541,0.0006860000000870059,5.733333333333333,99.99961643868056,False
542,0.0006929999999556458,5.733333333333333,99.99961643868056,False
543,0.0006939999998394342,5.733333333333333,99.99961643868056,False
544,0.0006969999999455467,5.733333333333333,99.99961643868056,False
545,0.0006929999999556458,5.733333333333333,99.99961643868056,False
546,0.0009150000000772707,4.315789473684211,99.99961643868056,False
547,0.0007040000000415603,5.733333333333333,99.99961643868056,False
548,0.0014419999999972788,-0.9285714285714286,99.99961643868056,False
549,0.0007000000000516593,5.733333333333333,99.99961643868056,False
550,0.0007080000000314612,5.733333333333333,99.99961643868056,False
551,0.0007889999999406427,4.9411764705882355,99.99961643868056,False
552,0.0006949999999505962,5.733333333333333,99.99961643868056,False
553,0.0007869999999456923,4.9411764705882355,99.99961643868056,False
554,0.0007549999997991108,5.733333333333333,99.99961643868056,False
555,0.0007230000001072767,5.733333333333333,99.99961643868056,False
556,0.0008339999999407155,4.611111111111111,99.99961643868056,False
557,0.0006949999999505962,5.733333333333333,99.99961643868056,False
558,0.0006909999999606953,5.733333333333333,99.99961643868056,False
559,0.0006919999998444837,5.733333333333333,99.99961643868056,False
560,0.0006930000001830194,5.733333333333333,99.99961643868056,False
561,0.0006920000000718574,5.733333333333333,99.99961643868056,False
562,0.0007840000000669534,4.9411764705882355,99.99961643868056,False
563,0.000687000000198168,5.733333333333333,99.99961643868056,False
564,0.0006940000000668078,5.733333333333333,99.99961643868056,False
565,0.0006889999999657448,5.733333333333333,99.99961643868056,False
566,0.0006920000000718574,5.733333333333333,99.99961643868056,False
567,0.000739999999950669,5.3125,99.99961643868056,False
568,0.0007909999999355932,4.9411764705882355,99.99961643868056,False
569,0.0006989999999404972,5.733333333333333,99.99961643868056,False
570,0.0010559999998349667,4.315789473684211,99.99961643868056,False
571,0.0007219999999961146,5.733333333333333,99.99961643868056,False
572,0.0007040000000415603,5.733333333333333,99.99961643868056,False
573,0.0007160000000112632,5.733333333333333,99.99961643868056,False
574,0.0007219999999961146,5.733333333333333,99.99961643868056,False
575,0.0006980000000567088,5.733333333333333,99.99961643868056,False
576,0.0007339999999658176,-0.875,99.99961643868056,False
577,0.00091999999995096,4.05,99.99961643868056,False
578,0.0007810000001882145,4.9411764705882355,99.99961643868056,False
579,0.0007370000000719301,5.3125,99.99961643868056,False
580,0.0006880000000819564,5.733333333333333,99.99961643868056,False
581,0.0007799999998496787,4.9411764705882355,99.99961643868056,False
582,0.0006889999999657448,5.733333333333333,99.99961643868056,False
583,0.0006869999999707943,5.733333333333333,99.99961643868056,False
584,0.0006889999999657448,5.733333333333333,99.99961643868056,False
585,0.0007340000001931912,5.3125,99.99961643868056,False
586,0.0006909999999606953,5.733333333333333,99.99961643868056,False
587,0.0006929999999556458,5.733333333333333,99.99961643868056,False
588,0.0008649999999761349,5.733333333333333,99.99961643868056,False
589,0.0007890000001680164,4.9411764705882355,99.99961643868056,False
590,0.0007050000001527224,5.733333333333333,99.99961643868056,False
591,0.0006980000000567088,5.733333333333333,99.99961643868056,False
592,0.0007729999999810389,5.733333333333333,99.99961643868056,False
593,0.0006960000000617583,5.733333333333333,99.99961643868056,False
594,0.0007010000001628214,5.733333333333333,99.99961643868056,False
595,0.0007000000000516593,5.733333333333333,99.99961643868056,False
596,0.0006950000001779699,5.733333333333333,99.99961643868056,False
597,0.0006940000000668078,5.733333333333333,99.99961643868056,False
598,0.0007610000000113359,5.733333333333333,99.99961643868056,False
599,0.0007209999998849526,5.733333333333333,99.99961643868056,False
600,0.0006969999999455467,5.733333333333333,99.99961643868056,False
601,0.0006949999999505962,5.733333333333333,99.99961643868056,False
602,0.0006969999999455467,5.733333333333333,99.99961643868056,False
603,0.0006939999998394342,5.733333333333333,99.99961643868056,False
604,0.0007869999999456923,4.9411764705882355,99.99961643868056,False
605,0.0007820000000720029,4.9411764705882355,99.99961643868056,False
606,0.0006949999999505962,5.733333333333333,99.99961643868056,False
607,0.0006900000000769069,5.733333333333333,99.99961643868056,False
608,0.0006920000000718574,5.733333333333333,99.99961643868056,False
609,0.0006900000000769069,5.733333333333333,99.99961643868056,False
610,0.0006879999998545827,5.733333333333333,99.99961643868056,False
611,0.0007450000000517321,5.733333333333333,99.99961643868056,False
612,0.0006920000000718574,5.733333333333333,99.99961643868056,False
613,0.0006980000000567088,5.733333333333333,99.99961643868056,False
614,0.0006929999999556458,5.733333333333333,99.99961643868056,False
615,0.0006929999999556458,5.733333333333333,99.99961643868056,False
616,0.0007809999999608408,4.9411764705882355,99.99961643868056,False
617,0.00091999999995096,5.733333333333333,99.99961643868056,False
618,0.0007319999999708671,5.733333333333333,99.99961643868056,False
619,0.0007239999999910651,5.733333333333333,99.99961643868056,False
620,0.00137999999992644,-0.9333333333333333,99.99961643868056,False
621,0.004432999999835374,-0.9795918367346939,99.99961643868056,False
622,0.0006920000000718574,5.733333333333333,99.99961643868056,False
623,0.0006879999998545827,5.733333333333333,99.99961643868056,False
624,0.0007190000001173757,5.733333333333333,99.99961643868056,False
625,0.0007050000001527224,5.733333333333333,99.99961643868056,False
626,0.0006949999999505962,5.733333333333333,99.99961643868056,False
627,0.000691000000188069,5.733333333333333,99.99961643868056,False
628,0.0006929999999556458,5.733333333333333,99.99961643868056,False
629,0.0006929999999556458,5.733333333333333,99.99961643868056,False
630,0.0006909999999606953,5.733333333333333,99.99961643868056,False
631,0.0007610000000113359,5.733333333333333,99.99961643868056,False
632,0.0007480000001578446,5.3125,99.99961643868056,False
633,0.0006909999999606953,5.733333333333333,99.99961643868056,False
634,0.0006900000000769069,5.733333333333333,99.99961643868056,False
635,0.0006980000000567088,5.733333333333333,99.99961643868056,False
636,0.0006940000000668078,5.733333333333333,99.99961643868056,False
637,0.0006929999999556458,5.733333333333333,99.99961643868056,False
638,0.0006929999999556458,5.733333333333333,99.99961643868056,False
639,0.0011899999999513966,-0.9230769230769231,99.99961643868056,False
640,0.0006909999999606953,5.733333333333333,99.99961643868056,False
641,0.0006889999999657448,5.733333333333333,99.99961643868056,False
642,0.0006929999999556458,5.733333333333333,99.99961643868056,False
643,0.0007000000000516593,5.733333333333333,99.99961643868056,False
644,0.0007040000000415603,5.733333333333333,99.99961643868056,False
645,0.0006940000000668078,5.733333333333333,99.99961643868056,False
646,0.0006920000000718574,5.733333333333333,99.99961643868056,False
647,0.001688999999942098,-0.9459459459459459,99.99961643868056,False
648,0.0006989999999404972,5.733333333333333,99.99961643868056,False
649,0.0006960000000617583,5.733333333333333,99.99961643868056,False
650,0.0006889999999657448,5.733333333333333,99.99961643868056,False
651,0.0009640000000672444,3.8095238095238093,99.99961643868056,False
652,0.0006989999999404972,5.733333333333333,99.99961643868056,False
653,0.0007080000000314612,5.733333333333333,99.99961643868056,False
654,0.0006969999999455467,5.733333333333333,99.99961643868056,False
655,0.0006949999999505962,5.733333333333333,99.99961643868056,False
656,0.0006940000000668078,5.733333333333333,99.99961643868056,False
657,0.0007899999998244311,4.9411764705882355,99.99961643868056,False
658,0.0006909999999606953,5.733333333333333,99.99961643868056,False
659,0.0006929999999556458,5.733333333333333,99.99961643868056,False
660,0.0006900000000769069,5.733333333333333,99.99961643868056,False
661,0.0006969999999455467,5.733333333333333,99.99961643868056,False
662,0.000959000000193555,3.8095238095238093,99.99961643868056,False
663,0.0006940000000668078,5.733333333333333,99.99961643868056,False
664,0.0007410000000618311,5.3125,99.99961643868056,False
665,0.0006949999999505962,5.733333333333333,99.99961643868056,False
666,0.0006920000000718574,5.733333333333333,99.99961643868056,False
667,0.0007800000000770524,4.9411764705882355,99.99961643868056,False
668,0.0006940000000668078,5.733333333333333,99.99961643868056,False
669,0.0006949999999505962,5.733333333333333,99.99961643868056,False
670,0.0007020000000466098,5.733333333333333,99.99961643868056,False
671,0.001234000000067681,-0.9259259259259259,99.99961643868056,False
672,0.0006909999999606953,5.733333333333333,99.99961643868056,False
673,0.0006949999999505962,5.733333333333333,99.99961643868056,False
674,0.0007909999999355932,4.9411764705882355,99.99961643868056,False
675,0.0007849999999507418,4.9411764705882355,99.99961643868056,False
676,0.0007410000000618311,5.3125,99.99961643868056,False
677,0.0007339999999658176,5.3125,99.99961643868056,False
678,0.0006909999999606953,5.733333333333333,99.99961643868056,False
679,0.0006909999999606953,5.733333333333333,99.99961643868056,False
680,0.0007350000000769796,5.3125,99.99961643868056,False
681,0.0006929999999556458,5.733333333333333,99.99961643868056,False
682,0.0007780000000821019,4.9411764705882355,99.99961643868056,False
683,0.0006940000000668078,5.733333333333333,99.99961643868056,False
684,0.0006899999998495332,5.733333333333333,99.99961643868056,False
685,0.0008709999999609863,4.315789473684211,99.99961643868056,False
686,0.0007789999999658903,4.9411764705882355,99.99961643868056,False
687,0.0006920000000718574,5.733333333333333,99.99961643868056,False
688,0.0006929999999556458,5.733333333333333,99.99961643868056,False
689,0.0006929999999556458,5.733333333333333,99.99961643868056,False
690,0.0006900000000769069,5.733333333333333,99.99961643868056,False
691,0.0006929999999556458,5.733333333333333,99.99961643868056,False
692,0.0006959999998343847,5.733333333333333,99.99961643868056,False
693,0.0008769999999458378,-0.8947368421052632,99.99961643868056,False
694,0.0007869999999456923,4.9411764705882355,99.99961643868056,False
695,0.0006939999998394342,5.733333333333333,99.99961643868056,False
696,0.0006919999998444837,5.733333333333333,99.99961643868056,False
697,0.0006949999999505962,5.733333333333333,99.99961643868056,False
698,0.0006949999999505962,5.733333333333333,99.99961643868056,False
699,0.0006940000000668078,5.733333333333333,99.99961643868056,False
700,0.0006960000000617583,5.733333333333333,99.99961643868056,False
701,0.0006989999999404972,5.733333333333333,99.99961643868056,False
702,0.0012320000000727305,-0.9259259259259259,99.99961643868056,False
703,0.0006960000000617583,5.733333333333333,99.99961643868056,False
704,0.0007069999999202992,5.733333333333333,99.99961643868056,False
705,0.0006969999999455467,5.733333333333333,99.99961643868056,False
706,0.0006960000000617583,5.733333333333333,99.99961643868056,False
707,0.0006889999999657448,5.733333333333333,99.99961643868056,False
708,0.0006909999999606953,5.733333333333333,99.99961643868056,False
709,0.0006919999998444837,5.733333333333333,99.99961643868056,False
710,0.0007000000000516593,5.733333333333333,99.99961643868056,False
711,0.0006900000000769069,5.733333333333333,99.99961643868056,False
712,0.0007379999999557185,5.3125,99.99961643868056,False
713,0.000827999999955864,-0.8888888888888888,99.99961643868056,False
714,0.0006980000000567088,5.733333333333333,99.99961643868056,False
715,0.0006920000000718574,5.733333333333333,99.99961643868056,False
716,0.0006920000000718574,5.733333333333333,99.99961643868056,False
717,0.0006920000000718574,5.733333333333333,99.99961643868056,False
718,0.0008769999999458378,4.315789473684211,99.99961643868056,False
719,0.000749000000041633,5.3125,99.99961643868056,False
720,0.0006970000001729204,5.733333333333333,99.99961643868056,False
721,0.0006969999999455467,5.733333333333333,99.99961643868056,False
722,0.0006929999999556458,5.733333333333333,99.99961643868056,False
723,0.000766000000112399,5.733333333333333,99.99961643868056,False
724,0.0007020000000466098,5.733333333333333,99.99961643868056,False
725,0.0006980000000567088,5.733333333333333,99.99961643868056,False
726,0.0007410000000618311,5.3125,99.99961643868056,False
727,0.0006940000000668078,5.733333333333333,99.99961643868056,False
728,0.0006949999999505962,5.733333333333333,99.99961643868056,False
729,0.0006909999999606953,5.733333333333333,99.99961643868056,False
730,0.0006909999999606953,5.733333333333333,99.99961643868056,False
731,0.0006889999999657448,5.733333333333333,99.99961643868056,False
732,0.0006940000000668078,5.733333333333333,99.99961643868056,False
733,0.0006909999999606953,5.733333333333333,99.99961643868056,False
734,0.000779000000193264,4.9411764705882355,99.99961643868056,False
735,0.0007800000000770524,4.9411764705882355,99.99961643868056,False
736,0.0006900000000769069,5.733333333333333,99.99961643868056,False
737,0.0007619999998951243,5.3125,99.99961643868056,False
738,0.0006959999998343847,5.733333333333333,99.99961643868056,False
739,0.0006939999998394342,5.733333333333333,99.99961643868056,False
740,0.0006909999999606953,5.733333333333333,99.99961643868056,False
741,0.0007800000000770524,4.9411764705882355,99.99961643868056,False
742,0.0008790000001681619,4.315789473684211,99.99961643868056,False
743,0.0007869999999456923,4.9411764705882355,99.99961643868056,False
744,0.0007470000000466825,5.3125,99.99961643868056,False
745,0.0006949999999505962,5.733333333333333,99.99961643868056,False
746,0.0006979999998293351,5.733333333333333,99.99961643868056,False
747,0.0007370000000719301,5.3125,99.99961643868056,False
748,0.0006909999999606953,5.733333333333333,99.99961643868056,False
749,0.0006889999999657448,5.733333333333333,99.99961643868056,False
750,0.0007780000000821019,4.9411764705882355,99.99961643868056,False
751,0.0007780000000821019,4.9411764705882355,99.99961643868056,False
752,0.0006900000000769069,5.733333333333333,99.99961643868056,False
753,0.0007769999999709398,4.9411764705882355,99.99961643868056,False
754,0.0006909999999606953,5.733333333333333,99.99961643868056,False
755,0.0006959999998343847,5.733333333333333,99.99961643868056,False
756,0.0007860000000619038,4.9411764705882355,99.99961643868056,False
757,0.0007390000000668806,5.3125,99.99961643868056,False
758,0.0006930000001830194,5.733333333333333,99.99961643868056,False
759,0.0006940000000668078,5.733333333333333,99.99961643868056,False
760,0.0006930000001830194,5.733333333333333,99.99961643868056,False
761,0.000827999999955864,4.611111111111111,99.99961643868056,False
762,0.0006900000000769069,5.733333333333333,99.99961643868056,False
763,0.0006930000001830194,5.733333333333333,99.99961643868056,False
764,0.0006969999999455467,5.733333333333333,99.99961643868056,False
765,0.0006930000001830194,5.733333333333333,99.99961643868056,False
766,0.0006889999999657448,5.733333333333333,99.99961643868056,False
767,0.0006919999998444837,5.733333333333333,99.99961643868056,False
768,0.0007009999999354477,5.733333333333333,99.99961643868056,False
769,0.0007009999999354477,5.733333333333333,99.99961643868056,False
770,0.0007050000001527224,5.733333333333333,99.99961643868056,False
771,0.0006950000001779699,5.733333333333333,99.99961643868056,False
772,0.0006940000000668078,5.733333333333333,99.99961643868056,False
773,0.0006999999998242856,5.733333333333333,99.99961643868056,False
774,0.0006989999999404972,5.733333333333333,99.99961643868056,False
775,0.0006960000000617583,5.733333333333333,99.99961643868056,False
776,0.0006949999999505962,5.733333333333333,99.99961643868056,False
777,0.0006929999999556458,5.733333333333333,99.99961643868056,False
778,0.0007000000000516593,5.733333333333333,99.99961643868056,False
779,0.0007869999999456923,4.9411764705882355,99.99961643868056,False
780,0.0006969999999455467,5.733333333333333,99.99961643868056,False
781,0.0006909999999606953,5.733333333333333,99.99961643868056,False
782,0.0006920000000718574,5.733333333333333,99.99961643868056,False
783,0.0006959999998343847,5.733333333333333,99.99961643868056,False
784,0.0006909999999606953,5.733333333333333,99.99961643868056,False
785,0.0008290000000670261,4.611111111111111,99.99961643868056,False
786,0.0006859999998596322,5.733333333333333,99.99961643868056,False
787,0.0006940000000668078,5.733333333333333,99.99961643868056,False
788,0.0006890000001931185,5.733333333333333,99.99961643868056,False
789,0.0006880000000819564,5.733333333333333,99.99961643868056,False
790,0.0007370000000719301,5.3125,99.99961643868056,False
791,0.0007839999998395797,4.9411764705882355,99.99961643868056,False
792,0.0006969999999455467,5.733333333333333,99.99961643868056,False
793,0.0006929999999556458,5.733333333333333,99.99961643868056,False
794,0.0007450000000517321,5.3125,99.99961643868056,False
795,0.0006959999998343847,5.733333333333333,99.99961643868056,False
796,0.0007020000000466098,5.733333333333333,99.99961643868056,False
797,0.0006930000001830194,5.733333333333333,99.99961643868056,False
798,0.0006909999999606953,5.733333333333333,99.99961643868056,False
799,0.0006979999998293351,5.733333333333333,99.99961643868056,False
800,0.0006920000000718574,5.733333333333333,99.99961643868056,False
801,0.0007000000000516593,5.733333333333333,99.99961643868056,False
802,0.0006919999998444837,5.733333333333333,99.99961643868056,False
803,0.0006940000000668078,5.733333333333333,99.99961643868056,False
804,0.0006969999999455467,5.733333333333333,99.99961643868056,False
805,0.0006900000000769069,5.733333333333333,99.99961643868056,False
806,0.0006980000000567088,5.733333333333333,99.99961643868056,False
807,0.0006899999998495332,5.733333333333333,99.99961643868056,False
808,0.0006929999999556458,5.733333333333333,99.99961643868056,False
809,0.0006920000000718574,5.733333333333333,99.99961643868056,False
810,0.0006980000000567088,5.733333333333333,99.99961643868056,False
811,0.0006909999999606953,5.733333333333333,99.99961643868056,False
812,0.0006909999999606953,5.733333333333333,99.99961643868056,False
813,0.0006909999999606953,5.733333333333333,99.99961643868056,False
814,0.0006899999998495332,5.733333333333333,99.99961643868056,False
815,0.0006980000000567088,5.733333333333333,99.99961643868056,False
816,0.0006920000000718574,5.733333333333333,99.99961643868056,False
817,0.0007390000000668806,5.3125,99.99961643868056,False
818,0.0006929999999556458,5.733333333333333,99.99961643868056,False
819,0.0007000000000516593,5.733333333333333,99.99961643868056,False
820,0.0043140000000221335,-0.9789473684210527,99.99961643868056,False
821,0.0006960000000617583,5.733333333333333,99.99961643868056,False
822,0.0006929999999556458,5.733333333333333,99.99961643868056,False
823,0.0006900000000769069,5.733333333333333,99.99961643868056,False
824,0.0006930000001830194,5.733333333333333,99.99961643868056,False
825,0.0006940000000668078,5.733333333333333,99.99961643868056,False
826,0.0006940000000668078,5.733333333333333,99.99961643868056,False
827,0.000691000000188069,5.733333333333333,99.99961643868056,False
828,0.0006920000000718574,5.733333333333333,99.99961643868056,False
829,0.0006919999998444837,5.733333333333333,99.99961643868056,False
830,0.0007989999999153952,4.9411764705882355,99.99961643868056,False
831,0.0006940000000668078,5.733333333333333,99.99961643868056,False
832,0.0006920000000718574,5.733333333333333,99.99961643868056,False
833,0.0006920000000718574,5.733333333333333,99.99961643868056,False
834,0.0006969999999455467,5.733333333333333,99.99961643868056,False
835,0.002453999999943335,-0.9629629629629629,99.99961643868056,False
836,0.0007840000000669534,4.9411764705882355,99.99961643868056,False
837,0.0006960000000617583,5.733333333333333,99.99961643868056,False
838,0.0007809999999608408,4.9411764705882355,99.99961643868056,False
839,0.000691000000188069,5.733333333333333,99.99961643868056,False
840,0.0006900000000769069,5.733333333333333,99.99961643868056,False
841,0.0006960000000617583,5.733333333333333,99.99961643868056,False
842,0.0006909999999606953,5.733333333333333,99.99961643868056,False
843,0.0006929999999556458,5.733333333333333,99.99961643868056,False
844,0.0006960000000617583,5.733333333333333,99.99961643868056,False
845,0.0006929999999556458,5.733333333333333,99.99961643868056,False
846,0.0006979999998293351,5.733333333333333,99.99961643868056,False
847,0.000827999999955864,4.611111111111111,99.99961643868056,False
848,0.0006900000000769069,5.733333333333333,99.99961643868056,False
849,0.0007829999999557913,4.9411764705882355,99.99961643868056,False
850,0.0006969999999455467,5.733333333333333,99.99961643868056,False
851,0.0007819999998446292,4.9411764705882355,99.99961643868056,False
852,0.0006919999998444837,5.733333333333333,99.99961643868056,False
853,0.0007860000000619038,4.9411764705882355,99.99961643868056,False
854,0.0008699999998498242,4.315789473684211,99.99961643868056,False
855,0.0007819999998446292,4.9411764705882355,99.99961643868056,False
856,0.0006909999999606953,5.733333333333333,99.99961643868056,False
857,0.0006939999998394342,5.733333333333333,99.99961643868056,False
858,0.0006900000000769069,5.733333333333333,99.99961643868056,False
859,0.0006940000000668078,5.733333333333333,99.99961643868056,False
860,0.0006949999999505962,5.733333333333333,99.99961643868056,False
861,0.000691000000188069,5.733333333333333,99.99961643868056,False
862,0.0006930000001830194,5.733333333333333,99.99961643868056,False
863,0.000735999999960768,5.3125,99.99961643868056,False
864,0.005822000000080152,-0.9844961240310077,99.99961643868056,False
865,0.0006959999998343847,5.733333333333333,99.99961643868056,False
866,0.0006929999999556458,5.733333333333333,99.99961643868056,False
867,0.0006940000000668078,5.733333333333333,99.99961643868056,False
868,0.0006969999999455467,5.733333333333333,99.99961643868056,False
869,0.0007819999998446292,4.9411764705882355,99.99961643868056,False
870,0.005206000000043787,-0.9826086956521739,99.99961643868056,False
871,0.0007909999999355932,4.9411764705882355,99.99961643868056,False
872,0.0006919999998444837,5.733333333333333,99.99961643868056,False
873,0.0006919999998444837,5.733333333333333,99.99961643868056,False
874,0.0006919999998444837,5.733333333333333,99.99961643868056,False
875,0.0006960000000617583,5.733333333333333,99.99961643868056,False
876,0.0006989999999404972,5.733333333333333,99.99961643868056,False
877,0.0006949999999505962,5.733333333333333,99.99961643868056,False
878,0.0007780000000821019,4.9411764705882355,99.99961643868056,False
879,0.0006879999998545827,5.733333333333333,99.99961643868056,False
880,0.0007869999999456923,4.9411764705882355,99.99961643868056,False
881,0.0006939999998394342,5.733333333333333,99.99961643868056,False
882,0.0006920000000718574,5.733333333333333,99.99961643868056,False
883,0.0006929999999556458,5.733333333333333,99.99961643868056,False
884,0.0006920000000718574,5.733333333333333,99.99961643868056,False
885,0.0006980000000567088,5.733333333333333,99.99961643868056,False
886,0.0006930000001830194,5.733333333333333,99.99961643868056,False
887,0.0006920000000718574,5.733333333333333,99.99961643868056,False
888,0.0006950000001779699,5.733333333333333,99.99961643868056,False
889,0.0007789999999658903,4.9411764705882355,99.99961643868056,False
890,0.0006920000000718574,5.733333333333333,99.99961643868056,False
891,0.0006940000000668078,5.733333333333333,99.99961643868056,False
892,0.0006920000000718574,5.733333333333333,99.99961643868056,False
893,0.000739999999950669,5.3125,99.99961643868056,False
894,0.0006969999999455467,5.733333333333333,99.99961643868056,False
895,0.0007800000000770524,4.9411764705882355,99.99961643868056,False
896,0.0006909999999606953,5.733333333333333,99.99961643868056,False
897,0.0017290000000684813,-3.5526315789473686,99.99961643868056,False
898,0.0006909999999606953,5.733333333333333,99.99961643868056,False
899,0.0006869999999707943,5.733333333333333,99.99961643868056,False
900,0.0006879999998545827,5.733333333333333,99.99961643868056,False
901,0.0013320000000476284,-0.9310344827586207,99.99961643868056,False
902,0.0006949999999505962,5.733333333333333,99.99961643868056,False
903,0.0006969999999455467,5.733333333333333,99.99961643868056,False
904,0.0006940000000668078,5.733333333333333,99.99961643868056,False
905,0.0006939999998394342,5.733333333333333,99.99961643868056,False
906,0.0006980000000567088,5.733333333333333,99.99961643868056,False
907,0.000822999999854801,4.611111111111111,99.99961643868056,False
908,0.0007810000001882145,4.9411764705882355,99.99961643868056,False
909,0.0006920000000718574,5.733333333333333,99.99961643868056,False
910,0.0006849999999758438,5.733333333333333,99.99961643868056,False
911,0.0006909999999606953,5.733333333333333,99.99961643868056,False
912,0.0006889999999657448,5.733333333333333,99.99961643868056,False
913,0.0006889999999657448,5.733333333333333,99.99961643868056,False
914,0.0006940000000668078,5.733333333333333,99.99961643868056,False
915,0.0006969999999455467,5.733333333333333,99.99961643868056,False
916,0.0006899999998495332,5.733333333333333,99.99961643868056,False
917,0.0006900000000769069,5.733333333333333,99.99961643868056,False
918,0.0006929999999556458,5.733333333333333,99.99961643868056,False
919,0.0007850000001781154,4.9411764705882355,99.99961643868056,False
920,0.0006949999999505962,5.733333333333333,99.99961643868056,False
921,0.0006940000000668078,5.733333333333333,99.99961643868056,False
922,0.0006949999999505962,5.733333333333333,99.99961643868056,False
923,0.0007840000000669534,4.9411764705882355,99.99961643868056,False
924,0.0006969999999455467,5.733333333333333,99.99961643868056,False
925,0.0006899999998495332,5.733333333333333,99.99961643868056,False
926,0.0006940000000668078,5.733333333333333,99.99961643868056,False
927,0.0006920000000718574,5.733333333333333,99.99961643868056,False
928,0.0006920000000718574,5.733333333333333,99.99961643868056,False
929,0.0006989999999404972,5.733333333333333,99.99961643868056,False
930,0.0006889999999657448,5.733333333333333,99.99961643868056,False
931,0.0006909999999606953,5.733333333333333,99.99961643868056,False
932,0.0006909999999606953,5.733333333333333,99.99961643868056,False
933,0.0006919999998444837,5.733333333333333,99.99961643868056,False
934,0.0006960000000617583,5.733333333333333,99.99961643868056,False
935,0.000691000000188069,5.733333333333333,99.99961643868056,False
936,0.0006940000000668078,5.733333333333333,99.99961643868056,False
937,0.0006909999999606953,5.733333333333333,99.99961643868056,False
938,0.0006949999999505962,5.733333333333333,99.99961643868056,False
939,0.0006919999998444837,5.733333333333333,99.99961643868056,False
940,0.0006949999999505962,5.733333333333333,99.99961643868056,False
941,0.0007829999999557913,4.9411764705882355,99.99961643868056,False
942,0.0006920000000718574,5.733333333333333,99.99961643868056,False
943,0.0006989999999404972,5.733333333333333,99.99961643868056,False
944,0.0006949999999505962,5.733333333333333,99.99961643868056,False
945,0.0007849999999507418,4.9411764705882355,99.99961643868056,False
946,0.0006959999998343847,5.733333333333333,99.99961643868056,False
947,0.0006960000000617583,5.733333333333333,99.99961643868056,False
948,0.0006940000000668078,5.733333333333333,99.99961643868056,False
949,0.0006989999999404972,5.733333333333333,99.99961643868056,False
950,0.0006949999999505962,5.733333333333333,99.99961643868056,False
951,0.0006940000000668078,5.733333333333333,99.99961643868056,False
952,0.000831999999945765,-0.8888888888888888,99.99961643868056,False
953,0.0006920000000718574,5.733333333333333,99.99961643868056,False
954,0.0007780000000821019,4.9411764705882355,99.99961643868056,False
955,0.0006889999999657448,5.733333333333333,99.99961643868056,False
956,0.0006889999999657448,5.733333333333333,99.99961643868056,False
957,0.0006979999998293351,5.733333333333333,99.99961643868056,False
958,0.0006879999998545827,5.733333333333333,99.99961643868056,False
959,0.0007339999999658176,5.3125,99.99961643868056,False
960,0.0007350000000769796,5.3125,99.99961643868056,False
961,0.0006970000001729204,5.733333333333333,99.99961643868056,False
962,0.0006880000000819564,5.733333333333333,99.99961643868056,False
963,0.0006889999999657448,5.733333333333333,99.99961643868056,False
964,0.0006939999998394342,5.733333333333333,99.99961643868056,False
965,0.0006879999998545827,5.733333333333333,99.99961643868056,False
966,0.0006929999999556458,5.733333333333333,99.99961643868056,False
967,0.0006849999999758438,5.733333333333333,99.99961643868056,False
968,0.0006890000001931185,5.733333333333333,99.99961643868056,False
969,0.0006909999999606953,5.733333333333333,99.99961643868056,False
970,0.0006940000000668078,5.733333333333333,99.99961643868056,False
971,0.0006990000001678709,5.733333333333333,99.99961643868056,False
972,0.0006889999999657448,5.733333333333333,99.99961643868056,False
973,0.0006940000000668078,5.733333333333333,99.99961643868056,False
974,0.0006909999999606953,5.733333333333333,99.99961643868056,False
975,0.0006969999999455467,5.733333333333333,99.99961643868056,False
976,0.0006929999999556458,5.733333333333333,99.99961643868056,False
977,0.0006949999999505962,5.733333333333333,99.99961643868056,False
978,0.0006939999998394342,5.733333333333333,99.99961643868056,False
979,0.0006940000000668078,5.733333333333333,99.99961643868056,False
980,0.0006979999998293351,5.733333333333333,99.99961643868056,False
981,0.0006929999999556458,5.733333333333333,99.99961643868056,False
982,0.0006900000000769069,5.733333333333333,99.99961643868056,False
983,0.0007809999999608408,4.9411764705882355,99.99961643868056,False
984,0.0007849999999507418,4.9411764705882355,99.99961643868056,False
985,0.0006929999999556458,5.733333333333333,99.99961643868056,False
986,0.0006900000000769069,5.733333333333333,99.99961643868056,False
987,0.0006920000000718574,5.733333333333333,99.99961643868056,False
988,0.0006909999999606953,5.733333333333333,99.99961643868056,False
989,0.0006950000001779699,5.733333333333333,99.99961643868056,False
990,0.0006890000001931185,5.733333333333333,99.99961643868056,False
991,0.0006940000000668078,5.733333333333333,99.99961643868056,False
992,0.0006960000000617583,5.733333333333333,99.99961643868056,False
993,0.0007849999999507418,4.9411764705882355,99.99961643868056,False
994,0.0007459999999355205,5.3125,99.99961643868056,False
995,0.0006940000000668078,5.733333333333333,99.99961643868056,False
996,0.0006940000000668078,5.733333333333333,99.99961643868056,False
997,0.0030390000001716544,-0.9682539682539683,99.99961643868056,False
998,0.0007010000001628214,5.733333333333333,99.99961643868056,False
999,0.0006949999999505962,5.733333333333333,99.99961643868056,False
1000,0.0007060000000365108,5.733333333333333,99.99961643868056,False
