episode,length,time,reward,delta
0,12.0,0.0006360000000000809,0.0,-0.0006931796718150894
1,44.0,0.0020360000000039236,0.0,-0.00033049749051755427
2,55.0,0.002499000000000251,0.0,-0.0002974477414657988
3,48.0,0.0021970000000095524,0.0,-0.0006238617046335804
4,20.0,0.0009420000000091022,0.0,-0.0005614755341702224
5,15.0,0.0007110000000096761,0.0,0.00021682556012029078
6,10.0,0.0004880000000042628,0.0,-0.0005748759557254004
7,49.0,0.002194000000002916,0.0,-0.0003827264994714907
8,52.0,0.0023259999999964975,0.0,-0.000722962721032012
9,21.0,0.0009799999999984266,0.0,-0.0002677029673192189
10,43.0,0.0019329999999939673,0.0,-0.0003977226912075349
11,15.0,0.0007200000000011642,0.0,-0.0004575825940037225
12,6.0,0.0003169999999954598,0.0,-0.00035795042208678143
13,17.0,0.0008030000000047721,0.0,-0.0005718521027626774
14,60.0,0.0026989999999926795,0.0,-0.0005173883601528604
15,12.0,0.0005820000000085201,0.0,-0.00020799750914887686
16,8.0,0.00040500000000065484,0.0,-0.0006866837014594104
17,11.0,0.0005380000000059226,0.0,-0.0004118243346033502
18,25.0,0.0011410000000040554,0.0,-0.0006180153313134694
19,15.0,0.0007120000000071514,0.0,-0.0004656495241375744
20,39.0,0.0017809999999940374,0.0,-0.00032215537987810333
21,34.0,0.0015520000000037726,0.0,-0.0005618493023915596
22,16.0,0.0007569999999930133,0.0,-0.000106198752428324
23,6.0,0.0003189999999904103,0.0,-0.00028993984189029296
24,44.0,0.001991000000003851,0.0,-0.00042784149785818603
25,26.0,0.0011980000000022528,0.0,-3.480485436316427e-05
26,20.0,0.000930999999994242,0.0,-0.0004459961933801311
27,13.0,0.0006259999999969068,0.0,-0.0005562137981821225
28,91.0,0.004041999999998325,0.0,-0.0001892519291743085
29,8.0,0.0004089999999905558,0.0,-0.00021602043778652481
30,25.0,0.0011639999999886186,0.0,-0.0004930893953211315
31,32.0,0.0014510000000029777,0.0,-0.00033155471296425113
32,40.0,0.0018019999999978609,0.0,-0.000360400912840062
33,22.0,0.0010159999999928004,0.0,-0.00015532419277390372
34,12.0,0.0005999999999914962,0.0,-0.0003114008202979198
35,25.0,0.0011509999999930187,0.0,-0.0003022323353007948
36,15.0,0.0007079999999888287,0.0,-0.0001396980693279302
37,10.0,0.0004910000000108994,0.0,-0.000401396574042118
38,27.0,0.0012420000000048503,0.0,-9.722019727794988e-05
39,9.0,0.00045699999999726515,0.0,-8.749817755015487e-05
40,60.0,0.0026710000000065293,0.0,-0.00028332298292492485
41,20.0,0.0009299999999967667,0.0,-0.00032490560108379695
42,10.0,0.0004899999999992133,0.0,-0.0002562360233142895
43,31.0,0.0014389999999906422,0.0,-5.8419603747866274e-05
44,81.0,0.003601000000003296,0.0,-0.00033425001419797674
45,30.0,0.001383000000004131,0.0,5.546974613523066e-05
46,16.0,0.0007570000000072241,0.0,-0.00029839924166782597
47,43.0,0.0019470000000012533,0.0,-0.0005005924183639103
48,42.0,0.0019159999999942556,0.0,-0.00028026073826812784
49,9.0,0.00045200000000988894,0.0,-0.0002720091017707153
50,12.0,0.0005790000000018836,0.0,-0.0003039086071423778
51,13.0,0.0006259999999969068,0.0,5.768256968179109e-05
52,15.0,0.0007070000000055643,0.0,-0.0002549906846324323
53,21.0,0.000968000000000302,0.0,-0.00026202418026117943
54,8.0,0.0004089999999905558,0.0,-0.00024731532840202206
55,56.0,0.0025060000000109994,0.0,-0.0005909156477717596
56,44.0,0.0019610000000085392,0.0,7.096501701086037e-05
57,6.0,0.00034399999999834563,0.0,-2.6919889980532038e-05
58,22.0,0.00101399999999785,0.0,-0.00026855931750104333
59,11.0,0.000534999999999286,0.0,6.386851530977434e-05
60,36.0,0.0016219999999975698,0.0,-0.0004437804557890184
61,37.0,0.0016890000000131522,0.0,-0.00025366873678312607
62,24.0,0.0010939999999948213,0.0,-0.00024085340928581378
63,26.0,0.0011960000000073023,0.0,-0.0005800419509480693
64,4.0,0.00022899999999026477,0.0,8.246879200681149e-05
65,34.0,0.0015479999999996608,0.0,-0.00021109022939485927
66,4.0,0.00022899999999026477,0.0,-1.7386180517003756e-05
67,20.0,0.000927000000004341,0.0,-9.134420580337265e-05
68,16.0,0.000752000000005637,0.0,-1.56475624653034e-05
69,10.0,0.000489000000001738,0.0,-0.00010722962116819064
70,21.0,0.000968000000000302,0.0,-0.0005535918935722681
71,53.0,0.0023939999999953443,0.0,-0.00019200372349631255
72,43.0,0.001932000000010703,0.0,-0.0002448081915936438
73,52.0,0.0023410000000012587,0.0,8.887118171549516e-05
74,25.0,0.001148000000000593,0.0,-0.00021676806835723239
75,37.0,0.001654999999999518,0.0,3.338327313870401e-05
76,18.0,0.0008369999999899846,0.0,-0.0003915315845759058
77,19.0,0.0009090000000071541,0.0,9.061954403843323e-05
78,35.0,0.0015790000000066584,0.0,-0.00038771411075840185
79,15.0,0.0007039999999989277,0.0,0.00019121170723308492
80,31.0,0.0014180000000010295,0.0,-0.00010877250329572225
81,16.0,0.0007650000000012369,0.0,-0.000193838725802922
82,11.0,0.0005339999999876,0.0,-0.00018485027321855593
83,4.0,0.0002320000000111122,0.0,8.155758963458991e-05
84,28.0,0.0012800000000083855,0.0,7.340183067113093e-05
85,16.0,0.0007549999999980628,0.0,-0.00010856692772180556
86,10.0,0.0004919999999941638,0.0,-3.0547247411942514e-05
87,19.0,0.0009000000000014552,0.0,-0.0003523784261183152
88,38.0,0.001728999999997427,0.0,-0.00013480132956641744
89,35.0,0.001581000000001609,0.0,-0.00018469584152558304
90,29.0,0.0013270000000034088,0.0,0.00010162030551128133
91,18.0,0.0008680000000111932,0.0,-0.00016636524589670032
92,25.0,0.0011520000000047048,0.0,-0.00019086218257902116
93,6.0,0.00033600000000433283,0.0,6.790383846172688e-05
94,14.0,0.0006759999999985666,0.0,0.00010366157473062763
95,4.0,0.0002320000000111122,0.0,9.329541725756486e-05
96,27.0,0.0012729999999976371,0.0,-9.7710234949625e-05
97,12.0,0.000586000000012632,0.0,0.00010820230566817226
98,11.0,0.0005409999999983484,0.0,9.738207510135504e-05
99,17.0,0.0008059999999971978,0.0,-7.644564528770193e-05
100,27.0,0.0012329999999991514,0.0,-0.00012626849178926997
101,12.0,0.0005790000000018836,0.0,0.00011145548542050454
102,31.0,0.0014280000000042037,0.0,0.00010030993687845408
103,25.0,0.0011500000000097543,0.0,9.027894319060868e-05
104,12.0,0.0005799999999993588,0.0,-5.6443160584322574e-05
105,25.0,0.0011459999999914317,0.0,-0.00018890792682455237
106,27.0,0.0012490000000013879,0.0,-0.00016765668138668093
107,39.0,0.0017569999999977881,0.0,-0.00012132119660977569
108,43.0,0.0019279999999923803,0.0,-4.359569342648312e-05
109,38.0,0.0017300000000091131,0.0,-3.9305278358929714e-05
110,18.0,0.0008449999999982083,0.0,8.573723650228378e-05
111,38.0,0.0017160000000018272,0.0,-0.00031714058350648373
112,31.0,0.0014550000000070895,0.0,9.15705101268739e-05
113,11.0,0.0005390000000033979,0.0,-3.537475052303675e-05
114,4.0,0.00022900000000447562,0.0,0.00013060899724139539
115,8.0,0.00040300000000570435,0.0,-0.00011364164261034297
116,15.0,0.0007090000000005148,0.0,-4.333084163769368e-05
117,12.0,0.0005799999999993588,0.0,0.00011754809751725583
118,17.0,0.0007990000000006603,0.0,-0.00010966531031820627
119,54.0,0.00242099999999823,0.0,-0.0004933643287219222
120,12.0,0.000586000000012632,0.0,0.00013134844056394268
121,25.0,0.001148000000000593,0.0,0.00011821359650754842
122,10.0,0.0004930000000058499,0.0,-3.899775747392433e-05
123,10.0,0.0005140000000096734,0.0,9.967390402434284e-05
124,65.0,0.0028920000000027812,0.0,-0.00017177596432111904
125,42.0,0.0018929999999954816,0.0,-2.3604415559571278e-05
126,12.0,0.000575999999995247,0.0,-0.00010918907694879812
127,10.0,0.0004919999999941638,0.0,8.970651362190857e-05
128,39.0,0.0017490000000037753,0.0,-0.00017001713414209712
129,26.0,0.0011809999999883303,0.0,9.008007199529344e-05
130,92.0,0.0041099999999971715,0.0,-0.000676385004876984
131,63.0,0.002815999999995711,0.0,-2.1243974003614145e-05
132,20.0,0.0009239999999977044,0.0,0.00010467471929260467
133,18.0,0.0008349999999950342,0.0,-1.561407001614165e-05
134,15.0,0.0007030000000014525,0.0,-2.5546229181488066e-05
135,16.0,0.0007630000000062864,0.0,0.00015552768479184257
136,25.0,0.0011460000000056425,0.0,0.00015866224858140368
137,17.0,0.0007959999999940237,0.0,-1.1498040096378668e-05
138,31.0,0.0014129999999994425,0.0,0.00015182448650416486
139,12.0,0.0005769999999927222,0.0,-2.2296393853066037e-05
140,36.0,0.0016599999999868942,0.0,0.00012040284651269011
141,8.0,0.00041299999999466763,0.0,0.00010836256186142111
142,7.0,0.00036300000000721866,0.0,9.031903751934844e-05
143,25.0,0.001151999999990494,0.0,-1.6241577540534503e-05
144,68.0,0.003033999999999537,0.0,-0.0002376765405452432
145,31.0,0.0014050000000054297,0.0,-0.0001910080012289441
146,20.0,0.0009299999999967667,0.0,9.7526305675279e-05
147,11.0,0.0005330000000043356,0.0,0.00016214404473200518
148,13.0,0.0006419999999991433,0.0,0.00014592964025880468
149,17.0,0.0008139999999912106,0.0,0.00018461418934125672
150,14.0,0.0006649999999979173,0.0,-0.00016518877150887334
151,20.0,0.0009280000000018163,0.0,1.1165167499470178e-05
152,7.0,0.00035700000000815635,0.0,-9.869877928638565e-05
153,6.0,0.0003150000000005093,0.0,0.00010780465950851098
154,8.0,0.0004040000000031796,0.0,-9.601399446494335e-05
155,9.0,0.00045699999999726515,0.0,-7.858791305479385e-05
156,6.0,0.00031599999999798456,0.0,0.00011933303541592906
157,22.0,0.001010000000007949,0.0,1.0048650749523139e-05
158,29.0,0.0013110000000011723,0.0,6.560451066598154e-06
159,40.0,0.0018230000000016844,0.0,0.00010739973187433617
160,31.0,0.0014079999999978554,0.0,-0.0005527512266260479
161,12.0,0.0005799999999993588,0.0,9.665975868690255e-05
162,22.0,0.0010130000000003747,0.0,8.69937828182123e-05
163,64.0,0.002853999999999246,0.0,-0.00019407649858729884
164,8.0,0.0004070000000098162,0.0,9.377516673608858e-05
165,13.0,0.0006240000000019563,0.0,1.3075486685561947e-05
166,22.0,0.0010149999999953252,0.0,-8.6412595018449e-05
167,25.0,0.0011639999999886186,0.0,0.0001127366932985607
168,12.0,0.0005820000000085201,0.0,1.1767938017005742e-05
169,23.0,0.0010559999999912861,0.0,0.00016615277040713105
170,29.0,0.0013210000000043465,0.0,-0.0004358353819401262
171,17.0,0.0008250000000060709,0.0,0.000146730776825728
172,16.0,0.0007659999999987122,0.0,-7.072912174931447e-05
173,4.0,0.00023300000000858745,0.0,0.0001320576991431552
174,29.0,0.0013220000000018217,0.0,-0.0004121401935540288
175,4.0,0.00022799999999278953,0.0,0.00011885192922883969
176,26.0,0.0011960000000073023,0.0,-6.365620957438301e-05
177,15.0,0.0007059999999938782,0.0,2.2084710382265775e-05
178,20.0,0.0009590000000088139,0.0,0.00010696673630595572
179,10.0,0.0004899999999992133,0.0,-7.572185227706183e-05
180,20.0,0.0009280000000018163,0.0,8.38267317707859e-06
181,44.0,0.0019700000000000273,0.0,-0.00012571954415520353
182,21.0,0.0010079999999987876,0.0,0.00014953749336641794
183,17.0,0.0007950000000107593,0.0,0.00017310574848886307
184,8.0,0.0004029999999914935,0.0,0.00013458374402977613
185,19.0,0.0008820000000042683,0.0,-0.0005171353113191772
186,19.0,0.0008809999999925822,0.0,9.627006267536015e-05
187,7.0,0.00035799999999142074,0.0,2.998462452221128e-05
188,55.0,0.002481000000003064,0.0,-0.00022714752354312148
189,67.0,0.002973999999994703,0.0,-0.00036636488316015524
190,15.0,0.000727999999995177,0.0,0.00013251165773338239
191,14.0,0.0006730000000061409,0.0,-6.753034721365084e-05
192,12.0,0.0005850000000009459,0.0,0.00015579517363997677
193,27.0,0.0012289999999950396,0.0,0.00015308733098099223
194,5.0,0.0002740000000045484,0.0,0.00013777859788289298
195,20.0,0.0009440000000040527,0.0,-0.00010070954693793449
196,22.0,0.0010160000000070113,0.0,-9.063859224414103e-05
197,18.0,0.0008459999999956835,0.0,0.00015409862436718713
198,17.0,0.0007939999999990732,0.0,-0.00011223620833889563
199,35.0,0.0015779999999949723,0.0,0.0001415566931805037
200,7.0,0.00037299999999618194,0.0,0.000137978912700594
201,60.0,0.0026720000000040045,0.0,-0.00010552158140032434
202,6.0,0.00031599999999798456,0.0,0.00016623376224624475
203,6.0,0.0003150000000005093,0.0,0.00015825283254768403
204,9.0,0.000446999999994091,0.0,0.0001591588813401133
205,14.0,0.000686999999999216,0.0,0.00014861270636495736
206,44.0,0.0019669999999933907,0.0,-6.814966704935565e-05
207,53.0,0.0023679999999899337,0.0,0.0001592042461556677
208,17.0,0.0008180000000095333,0.0,-0.0003998162803572449
209,29.0,0.0013150000000052842,0.0,0.00016144187771779448
210,30.0,0.001363999999995258,0.0,0.00018084312949719062
211,5.0,0.0002709999999979118,0.0,0.00016275881654747155
212,16.0,0.0007679999999936626,0.0,4.002135198224283e-05
213,15.0,0.0007269999999977017,0.0,0.00015441575946354167
214,19.0,0.0008900000000124919,0.0,0.000160764574840475
215,55.0,0.002451999999991017,0.0,-8.203168308310114e-05
216,29.0,0.001345999999998071,0.0,0.00016602248950623718
217,18.0,0.0008449999999982083,0.0,0.00016505911218995931
218,11.0,0.0005390000000033979,0.0,0.00016221582011145027
219,9.0,0.000446999999994091,0.0,0.0001446881173564275
220,22.0,0.0010170000000044865,0.0,3.601921678401856e-05
221,13.0,0.0006199999999978445,0.0,0.00013021930562078475
222,4.0,0.00024899999999661304,0.0,0.00011719737505870627
223,5.0,0.0002720000000095979,0.0,0.00010547763755283565
224,16.0,0.000752000000005637,0.0,-4.339081180897806e-05
225,11.0,0.000534999999999286,0.0,0.00014915599220013807
226,35.0,0.0015840000000082455,0.0,0.00016743378570491599
227,13.0,0.0006190000000003693,0.0,4.9436604872638744e-05
228,14.0,0.0006829999999951042,0.0,0.0001642770776277934
229,28.0,0.0012789999999966994,0.0,0.0001593607142665239
230,21.0,0.000973000000001889,0.0,0.00018671756673408732
231,34.0,0.0015330000000091104,0.0,0.00014784936986501408
232,18.0,0.0008499999999997954,0.0,4.129136813027864e-05
233,15.0,0.0007089999999863039,0.0,0.0001736976670205016
234,26.0,0.0011999999999972033,0.0,3.289497983651135e-05
235,7.0,0.00036199999999553256,0.0,0.00013306443287851267
236,14.0,0.0006680000000045538,0.0,0.00015288143817854084
237,29.0,0.0013129999999961228,0.0,4.8655797484211386e-05
238,12.0,0.0006029999999981328,0.0,3.229665156882964e-05
239,11.0,0.0005319999999926495,0.0,2.9605481852860223e-05
240,4.0,0.00022999999998774,0.0,0.00013129123567912215
241,15.0,0.0007169999999945276,0.0,2.906698641194668e-05
242,96.0,0.004255000000000564,0.0,-7.584913832135398e-05
243,24.0,0.0011039999999979955,0.0,0.00017187880634039916
244,9.0,0.00044599999999661577,0.0,0.00015469092570635925
245,21.0,0.0009989999999930887,0.0,-6.826422448921859e-05
246,15.0,0.0007119999999929405,0.0,-0.00035983465232152043
247,60.0,0.0026540000000068176,0.0,0.00016436978528699188
248,15.0,0.0007030000000014525,0.0,0.00020697128134428199
249,83.0,0.0036869999999993297,0.0,3.526966317590372e-05
250,29.0,0.00131799999999771,0.0,0.00017096177775804036
251,19.0,0.0009159999999894808,0.0,-5.596367482213805e-05
252,16.0,0.0007569999999930133,0.0,0.0001479328067582927
253,17.0,0.0008009999999956108,0.0,-5.3446772379236594e-05
254,59.0,0.0026309999999938327,0.0,-8.157473301972695e-05
255,9.0,0.00047200000000202635,0.0,0.00016213592171468623
256,12.0,0.000586000000012632,0.0,-2.9678017252894964e-06
257,14.0,0.0006719999999944548,0.0,0.00014592232954321757
258,15.0,0.0007260000000002265,0.0,0.00013133009658889582
259,16.0,0.0007630000000062864,0.0,-4.810209514131291e-05
260,95.0,0.00423399999999674,0.0,-7.341725971775424e-05
261,6.0,0.00032099999999957163,0.0,0.00015686884107891404
262,14.0,0.0006649999999979173,0.0,0.000174448751967435
263,12.0,0.0005840000000034706,0.0,3.76538539377126e-05
264,34.0,0.001553999999998723,0.0,0.00014118195697102262
265,13.0,0.000626999999994382,0.0,0.00012706376127392035
266,4.0,0.0002320000000111122,0.0,0.00018132654878929598
267,24.0,0.0011130000000036944,0.0,-7.437793614634071e-05
268,4.0,0.00023000000000195087,0.0,0.00013651831689751728
269,11.0,0.0005369999999942365,0.0,-6.792022500193344e-06
270,26.0,0.001236000000005788,0.0,5.4753043530888064e-05
271,16.0,0.0007690000000053487,0.0,4.927773917779926e-05
272,46.0,0.0020719999999982974,0.0,-1.4074301733413172e-05
273,43.0,0.0019470000000012533,0.0,-4.595897468307093e-05
274,16.0,0.0007569999999930133,0.0,0.00017075350613940198
275,27.0,0.0012339999999966267,0.0,3.285639909305873e-05
276,7.0,0.0003599999999863712,0.0,0.00016192949236376998
277,38.0,0.001752000000010412,0.0,0.00014573654312739298
278,4.0,0.00022900000000447562,0.0,0.00013116288881465367
279,25.0,0.001146999999988907,0.0,-6.129404092745802e-05
280,33.0,0.0015010000000046375,0.0,0.0001755577656642507
281,15.0,0.0007120000000071514,0.0,4.1064325350713464e-05
282,13.0,0.0006309999999984939,0.0,0.00014049304260354428
283,10.0,0.0004909999999966885,0.0,0.00013751301736110146
284,41.0,0.001859000000010269,0.0,-0.0004587771536703149
285,7.0,0.00035900000000310683,0.0,0.0001237617156249913
286,6.0,0.0003140000000030341,0.0,-1.0296194649719788e-05
287,7.0,0.0003600000000005821,0.0,3.174269685831337e-05
288,17.0,0.00082499999999186,0.0,0.00017773854689454878
289,4.0,0.00023000000000195087,0.0,0.00011138554406249217
290,6.0,0.00031900000000462114,0.0,0.00015996469220509388
291,9.0,0.0004500000000007276,0.0,0.0001439682229845845
292,22.0,0.0010149999999953252,0.0,0.00015876288076120261
293,14.0,0.0006829999999951042,0.0,-9.266575184747801e-06
294,26.0,0.0012059999999962656,0.0,-4.3291885627181606e-05
295,41.0,0.001857999999998583,0.0,0.0001777386946483918
296,29.0,0.0013170000000002346,0.0,0.00016675493378328558
297,9.0,0.00044599999999661577,0.0,0.000150079440404957
298,20.0,0.000950000000003115,0.0,0.00018559000637654758
299,34.0,0.0015360000000015361,0.0,5.7723600247590106e-05
300,9.0,0.00044499999999914053,0.0,0.00013507149636446131
301,8.0,0.0004040000000031796,0.0,0.0001644566304244804
302,19.0,0.0008749999999935199,0.0,5.1951240222831107e-05
303,22.0,0.0010389999999915744,0.0,3.5262550033587404e-05
304,15.0,0.0007090000000005148,0.0,0.00018638723093246756
305,9.0,0.000446999999994091,0.0,3.1736295030228664e-05
306,16.0,0.0007510000000081618,0.0,0.00015704489134001182
307,33.0,0.0014899999999897773,0.0,0.00018333894825502188
308,7.0,0.0003609999999980573,0.0,0.000159601589370797
309,42.0,0.0019020000000011805,0.0,0.00016157749921639515
310,20.0,0.0009349999999983538,0.0,0.00017035240926453776
311,18.0,0.0008419999999915717,0.0,2.856266552720579e-05
312,20.0,0.0009280000000018163,0.0,-4.7141382590924546e-05
313,28.0,0.0012930000000039854,0.0,0.0001705791249743664
314,38.0,0.001709999999988554,0.0,-2.3047187918018763e-05
315,7.0,0.0003609999999980573,0.0,0.00016930724765678993
316,22.0,0.0010329999999925121,0.0,-0.0005367767738811591
317,41.0,0.0018560000000036325,0.0,-2.0742469126216876e-05
318,9.0,0.00044700000000830187,0.0,0.00018557985589934636
319,7.0,0.0003580000000056316,0.0,0.00017982173925603156
320,7.0,0.0003609999999980573,0.0,0.00015237652289111096
321,21.0,0.0009699999999952524,0.0,0.00016636137041555317
322,5.0,0.0002709999999979118,0.0,0.00019576663423790966
323,27.0,0.001254000000002975,0.0,-3.663838961436841e-05
324,6.0,0.00031599999999798456,0.0,0.00014715875527302478
325,6.0,0.0003169999999954598,0.0,0.0001618395653304284
326,9.0,0.00044700000000830187,0.0,0.00017475946484148532
327,18.0,0.000838999999999146,0.0,0.00015728351835733677
328,14.0,0.000664000000000442,0.0,0.00014565560879738556
329,11.0,0.0005419999999958236,0.0,0.0001415551665216031
330,40.0,0.0018000000000029104,0.0,2.5966771378616163e-05
331,36.0,0.00160900000000197,0.0,0.0001581136060673331
332,21.0,0.0009710000000069385,0.0,3.7199965141445816e-05
333,25.0,0.00116599999999778,0.0,0.00015097096907585884
334,9.0,0.00044900000000325235,0.0,0.00017545164786689926
335,4.0,0.00022900000000447562,0.0,0.00015790648308020933
336,32.0,0.0014460000000013906,0.0,0.000151642725156398
337,15.0,0.00070999999999799,0.0,0.00014660973196281232
338,16.0,0.0007659999999987122,0.0,4.3895262018821854e-05
339,16.0,0.0007510000000081618,0.0,0.00015114957790213115
340,15.0,0.0007220000000103255,0.0,-0.00034148767373968234
341,9.0,0.0004519999999956781,0.0,3.347996862730125e-05
342,16.0,0.0007549999999980628,0.0,0.00016177323388092928
343,7.0,0.0003609999999980573,0.0,0.00014559591049283634
344,55.0,0.0024549999999976535,0.0,-2.142252121749375e-06
345,12.0,0.0005770000000069331,0.0,0.0001502440317326868
346,12.0,0.000575999999995247,0.0,1.863840559761053e-05
347,10.0,0.000492999999991639,0.0,0.00017493107643933644
348,31.0,0.0013980000000088921,0.0,0.00014463671374694405
349,10.0,0.0004919999999941638,0.0,0.0001793225302844956
350,20.0,0.0009340000000008786,0.0,0.00013017304237224965
351,24.0,0.0011030000000005202,0.0,0.000148908555907377
352,19.0,0.0008809999999925822,0.0,-0.00029498481472433545
353,13.0,0.0006199999999978445,0.0,1.677456503784949e-05
354,14.0,0.0006719999999944548,0.0,1.097185036085042e-05
355,16.0,0.0007670000000103983,0.0,4.848506087767448e-05
356,10.0,0.0004930000000058499,0.0,0.00018093887523966973
357,9.0,0.00044499999999914053,0.0,3.2142988622946425e-05
358,7.0,0.00036199999999553256,0.0,0.0001921296753952231
359,7.0,0.00035900000000310683,0.0,0.00013401770031663932
360,9.0,0.00044499999999914053,0.0,0.00012061593028497537
361,9.0,0.00044399999998745443,0.0,2.011565362771862e-05
362,4.0,0.00022699999999531428,0.0,0.00010855433725647784
363,15.0,0.0007210000000128503,0.0,0.00018101189260623848
364,8.0,0.0004040000000031796,0.0,6.114260794429902e-05
365,25.0,0.001142999999999006,0.0,9.769890353083005e-05
366,5.0,0.0002769999999969741,0.0,8.792901317774705e-05
367,4.0,0.0002309999999994261,0.0,0.0001746580492831268
368,19.0,0.0008980000000065047,0.0,4.042225592761238e-05
369,18.0,0.0008640000000070813,0.0,2.4886464167890544e-05
370,26.0,0.0011909999999915044,0.0,1.8104088264946745e-05
371,13.0,0.0006170000000054188,0.0,-0.00043583448833722495
372,8.0,0.00039999999999906777,0.0,0.00010851095188759921
373,24.0,0.0010950000000065074,0.0,4.103106646237707e-05
374,14.0,0.0006619999999912807,0.0,6.0526911354988366e-06
375,22.0,0.001018999999999437,0.0,0.00018984150846237773
376,18.0,0.0008320000000026084,0.0,2.239781775110149e-05
377,20.0,0.0009230000000002292,0.0,0.00017539615124936983
378,11.0,0.0005469999999974107,0.0,0.00017085735761613994
379,9.0,0.000446999999994091,0.0,0.0001342735170194075
380,12.0,0.0005850000000009459,0.0,5.2122319909519163e-05
381,16.0,0.0007609999999971251,0.0,2.015803597599133e-05
382,19.0,0.0008799999999951069,0.0,0.00016389332051325181
383,10.0,0.000492999999991639,0.0,3.987282109094254e-05
384,14.0,0.0006629999999887559,0.0,5.447422021948939e-06
385,16.0,0.0007499999999964757,0.0,4.691008791856725e-05
386,28.0,0.0012889999999998736,0.0,-1.3248522565116605e-05
387,4.0,0.0002309999999994261,0.0,0.00018187976204709348
388,20.0,0.0009230000000002292,0.0,-1.1923670308604955e-05
389,20.0,0.0009249999999951797,0.0,0.00018555716371646892
390,27.0,0.0012339999999966267,0.0,-2.977146641289596e-05
391,8.0,0.0004220000000003665,0.0,0.00017800319010857735
392,25.0,0.0011559999999946058,0.0,5.5028347149869115e-05
393,28.0,0.0012899999999973488,0.0,6.73144151147662e-05
394,7.0,0.00036800000000880573,0.0,0.00016700144734482203
395,24.0,0.0010989999999964084,0.0,-0.0002654863332519019
396,14.0,0.0006759999999985666,0.0,6.0582973603289566e-05
397,15.0,0.00070999999999799,0.0,8.330022263045291e-05
398,17.0,0.0007990000000006603,0.0,3.1671529279305295e-05
399,17.0,0.0007909999999924366,0.0,0.00019644826817790377
400,6.0,0.0003140000000030341,0.0,0.0001768034413601134
401,4.0,0.00022800000000700038,0.0,0.00015030130261033982
402,7.0,0.0003609999999980573,0.0,0.0001822113577885162
403,20.0,0.0009520000000122764,0.0,0.00018622361809538185
404,12.0,0.0005749999999977717,0.0,0.0001791064160275548
405,8.0,0.00040500000000065484,0.0,1.826338804842152e-05
406,14.0,0.0006650000000121281,0.0,1.6437049243579353e-05
407,9.0,0.00044599999999661577,0.0,1.4793344319221415e-05
408,14.0,0.0006680000000045538,0.0,7.98766991548323e-05
409,10.0,0.0004909999999966885,0.0,-0.0002553282006055854
410,11.0,0.0005489999999923612,0.0,-0.0002389376999267117
411,42.0,0.001890000000003056,0.0,-1.995941731374628e-06
412,33.0,0.0014999999999929514,0.0,3.933104073933468e-05
413,24.0,0.0010960000000039827,0.0,0.00019483244100218142
414,7.0,0.00037299999999618194,0.0,0.00019392262670745364
415,8.0,0.00040500000000065484,0.0,0.00017453036403670827
416,11.0,0.000534999999999286,0.0,2.515694836244798e-05
417,7.0,0.00036300000000721866,0.0,0.00015707732763303744
418,24.0,0.0010979999999989332,0.0,-0.00022979538054502684
419,18.0,0.0008330000000000837,0.0,0.00019180832416842796
420,8.0,0.0004300000000085902,0.0,0.00010309912484900678
421,17.0,0.000793000000001598,0.0,3.1719913705817346e-05
422,27.0,0.0012210000000010268,0.0,0.00010429175226737126
423,37.0,0.0016619999999960555,0.0,-0.00024385669436607807
424,10.0,0.0004899999999992133,0.0,0.00017832367137122517
425,21.0,0.0009919999999965512,0.0,0.00010727711151399224
426,18.0,0.0008400000000108321,0.0,-0.0004654217801872594
427,18.0,0.0008380000000016707,0.0,3.878891063818885e-05
428,11.0,0.000534999999999286,0.0,0.00010804296652955361
429,10.0,0.00048799999999005195,0.0,0.00019939849681364544
430,6.0,0.00031599999999798456,0.0,8.574510370963764e-05
431,25.0,0.0011679999999927304,0.0,0.00016718123213374349
432,16.0,0.000752000000005637,0.0,0.00011207012479355391
433,12.0,0.0005740000000002965,0.0,0.00015046310892036913
434,22.0,0.0010060000000038372,0.0,8.866415950563447e-05
435,14.0,0.0006630000000029668,0.0,3.491001957436996e-05
436,6.0,0.00031599999999798456,0.0,0.00010086311231419852
437,14.0,0.0006790000000052032,0.0,0.00017469189571338797
438,12.0,0.0005769999999927222,0.0,0.00015722270614204918
439,18.0,0.0008360000000067203,0.0,0.0001991101601776498
440,24.0,0.0011010000000055697,0.0,-1.073130327774446e-05
441,10.0,0.0004919999999941638,0.0,0.00019366902485661643
442,7.0,0.0003609999999980573,0.0,0.00014150043552784423
443,10.0,0.000512000000000512,0.0,4.798025796680212e-05
444,12.0,0.0005779999999901975,0.0,0.0001743021223709548
445,32.0,0.001452000000000453,0.0,0.0001240909476254568
446,10.0,0.0004940000000033251,0.0,8.527709236945885e-05
447,9.0,0.00044599999999661577,0.0,0.0001556010764689799
448,9.0,0.000446999999994091,0.0,0.00016490770119039887
449,4.0,0.0002309999999994261,0.0,0.00014004096882208188
450,13.0,0.0006389999999925067,0.0,3.2941243867168655e-05
451,21.0,0.000968000000000302,0.0,0.00018505523943696263
452,7.0,0.00035900000000310683,0.0,0.00013625444667405092
453,20.0,0.0009229999999860183,0.0,0.00014371110467268784
454,10.0,0.0004920000000083746,0.0,7.674938313251297e-05
455,4.0,0.00022899999999026477,0.0,0.00014907263758279324
456,20.0,0.0009280000000018163,0.0,9.748623600540173e-05
457,90.0,0.00395399999999313,0.0,0.00017339976225305928
458,6.0,0.00031700000000967066,0.0,0.0001907018482485618
459,12.0,0.0005889999999908468,0.0,3.9888107783405026e-05
460,15.0,0.0007130000000046266,0.0,0.00018912396440818843
461,7.0,0.00035900000000310683,0.0,0.00016488404644265863
462,4.0,0.00022699999999531428,0.0,0.0001785941467186901
463,12.0,0.000575999999995247,0.0,0.00014839564179839276
464,12.0,0.0005730000000028213,0.0,0.0001335560776185535
465,6.0,0.0003150000000005093,0.0,0.00012544628180720326
466,9.0,0.000446999999994091,0.0,0.00017712130062448706
467,6.0,0.00031700000000967066,0.0,0.00011290165362648293
468,7.0,0.0003750000000053433,0.0,0.00012020046985669814
469,26.0,0.001185000000006653,0.0,-0.00020443277118880932
470,24.0,0.0010919999999998709,0.0,5.618598041651622e-05
471,44.0,0.001973000000006664,0.0,4.850754583365853e-06
472,13.0,0.0006460000000032551,0.0,0.0001865420851697193
473,12.0,0.000580999999996834,0.0,0.00010818042287102833
474,10.0,0.0004959999999982756,0.0,9.736238058392549e-05
475,13.0,0.0006230000000044811,0.0,-1.6418478481813176e-06
476,15.0,0.0007069999999913534,0.0,0.0001094120232871901
477,8.0,0.00040300000000570435,0.0,0.00017927071587673168
478,19.0,0.0009009999999989304,0.0,0.00012076034005904606
479,11.0,0.0005470000000116215,0.0,0.00019171194085141168
480,9.0,0.00044799999999156626,0.0,0.00010996438712543169
481,11.0,0.000534999999999286,0.0,0.00011465333555339173
482,6.0,0.00031700000000967066,0.0,5.201813336134511e-05
483,12.0,0.0005769999999927222,0.0,-0.0004439868759607118
484,7.0,0.0003600000000005821,0.0,4.68163200252106e-05
485,24.0,0.0011130000000036944,0.0,3.1893699719736296e-05
486,17.0,0.0007979999999889742,0.0,2.8704329747762653e-05
487,10.0,0.0004909999999966885,0.0,0.00011059884723406828
488,6.0,0.000312999999991348,0.0,0.0001785085798453606
489,14.0,0.0006649999999979173,0.0,5.624289324194877e-05
490,13.0,0.0006210000000095306,0.0,0.00011277082300888079
491,6.0,0.0003200000000020964,0.0,0.00010149374070799272
492,6.0,0.0003350000000068576,0.0,0.00019474257816431506
493,6.0,0.0003169999999954598,0.0,0.00016065772186082454
494,7.0,0.00036300000000721866,0.0,5.061860391775391e-05
495,9.0,0.0004519999999956781,0.0,9.134436663719344e-05
496,8.0,0.0004040000000031796,0.0,8.22099299734741e-05
497,24.0,0.0010890000000074451,0.0,0.0001996616043180342
498,15.0,0.0007999999999981355,0.0,0.0001852910323295804
499,32.0,0.0014809999999982892,0.0,0.00010408654105805495
500,12.0,0.0005820000000085201,0.0,0.0001804803872763431
501,28.0,0.0012800000000083855,0.0,0.0001282887063477323
502,15.0,0.0007209999999986394,0.0,0.00016243234854870878
503,20.0,0.000953999999993016,0.0,6.44650292946475e-05
504,12.0,0.0005799999999993588,0.0,9.367788695224946e-05
505,12.0,0.000580999999996834,0.0,8.431009825702452e-05
506,16.0,0.0007540000000005875,0.0,0.00019776041724988384
507,29.0,0.0013129999999961228,0.0,4.7777538062229524e-05
508,17.0,0.0007959999999940237,0.0,0.00012934719077652515
509,10.0,0.0005040000000064992,0.0,0.0001932294335296197
510,12.0,0.0005829999999917845,0.0,5.324077255895981e-05
511,4.0,0.00022900000000447562,0.0,0.00019471618138304622
512,11.0,0.0005330000000043356,0.0,9.15306328598157e-06
513,7.0,0.00036199999999553256,0.0,4.791669530306383e-05
514,31.0,0.001553999999998723,0.0,6.337758737643754e-05
515,6.0,0.00032699999999863394,0.0,0.00018660232545730505
516,14.0,0.0006810000000001537,0.0,-0.00015365595110925748
517,11.0,0.0005419999999958236,0.0,0.0001842690279076906
518,7.0,0.00036300000000721866,0.0,9.456757178182473e-05
519,10.0,0.0004909999999966885,0.0,0.00016584212511692155
520,6.0,0.00031599999999798456,0.0,9.660438077060285e-05
521,6.0,0.00032099999999957163,0.0,8.694394269354256e-05
522,14.0,0.0006669999999928677,0.0,0.00018744741098388775
523,77.0,0.0035069999999990387,0.0,1.9343949825564914e-05
524,13.0,0.0006290000000035434,0.0,1.7391539691277897e-06
525,14.0,0.0009409999999974161,0.0,5.780006977581113e-05
526,13.0,0.0006790000000052032,0.0,5.703982863879378e-05
527,17.0,0.0008289999999959718,0.0,-0.00035244386219900834
528,18.0,0.0008520000000089567,0.0,0.00018103695875636126
529,29.0,0.0014900000000039881,0.0,7.158396197232765e-06
530,14.0,0.0007120000000071514,0.0,6.67559822572277e-05
531,18.0,0.0009219999999885431,0.0,7.157395019846552e-05
532,11.0,0.0005689999999987094,0.0,0.00017053888716263125
533,10.0,0.0005129999999979873,0.0,8.090793318025298e-05
534,18.0,0.0009019999999964057,0.0,-0.0003356666950162327
535,17.0,0.0008180000000095333,0.0,6.767117842637965e-05
536,9.0,0.0005000000000023874,0.0,0.00013162771638438177
537,30.0,0.0015479999999996608,0.0,6.469350065886826e-05
538,7.0,0.00036699999999711963,0.0,6.132357369526708e-05
539,5.0,0.0003140000000030341,0.0,0.00019056672945555784
540,17.0,0.0008119999999962602,0.0,0.0001184649447459436
541,19.0,0.001079000000004271,0.0,0.00019301586896222354
542,8.0,0.0007719999999977745,0.0,0.00018300535106714915
543,12.0,0.0006479999999982056,0.0,0.0001737142820660012
544,8.0,0.0005110000000030368,0.0,0.00015634285385940106
545,10.0,0.0005179999999995744,0.0,-0.00011522700862246085
546,11.0,0.0005939999999924339,0.0,0.00014070856847346095
547,20.0,0.0009869999999949641,0.0,0.0001753531160739184
548,58.0,0.002747999999996864,0.0,-0.00017205488769022242
549,7.0,0.0003839999999968313,0.0,0.00015781780446652658
550,16.0,0.0007730000000094606,0.0,4.798316229002818e-05
551,20.0,0.0010450000000048476,0.0,0.00018947089092047513
552,13.0,0.000681999999997629,0.0,9.958229655973911e-05
553,40.0,0.0022330000000039263,0.0,-0.00011970231375689125
554,24.0,0.001133999999993307,0.0,0.0001648009522447037
555,13.0,0.000750999999993951,0.0,5.342583436397861e-05
556,11.0,0.0005450000000024602,0.0,4.808325092758075e-05
557,7.0,0.0004330000000010159,0.0,0.0001011176330707258
558,12.0,0.0005780000000044083,0.0,9.10058697636532e-05
559,17.0,0.0008100000000013097,0.0,7.041171662032728e-05
560,5.0,0.00027199999999538704,0.0,0.0001883446409250537
561,22.0,0.0010309999999975616,0.0,-0.0003171994759791075
562,9.0,0.0004540000000048394,0.0,0.0001573951902473055
563,16.0,0.0007540000000005875,0.0,0.00016357156219030494
564,18.0,0.0008420000000057826,0.0,7.816292460509876e-05
565,22.0,0.0010170000000044865,0.0,0.00016843849702839373
566,9.0,0.00045099999999820284,0.0,0.0001886421936605971
567,32.0,0.0014820000000099753,0.0,9.620960007297236e-05
568,13.0,0.0006259999999969068,0.0,0.00018840218011048247
569,40.0,0.0018180000000000973,0.0,0.00017674322492751039
570,8.0,0.0005890000000050577,0.0,7.509507389871453e-05
571,9.0,0.000457000000011476,0.0,2.513394850774071e-05
572,19.0,0.0009260000000068658,0.0,7.907913267580366e-05
573,8.0,0.0004210000000028913,0.0,0.00018201766458537632
574,5.0,0.00027799999999444935,0.0,0.000180087734938962
575,10.0,0.0005089999999938755,0.0,0.0001620789614450658
576,45.0,0.0020129999999909387,0.0,2.262055365696665e-05
577,17.0,0.0008179999999953225,0.0,0.00018371257634951222
578,9.0,0.00046299999999632746,0.0,0.00015418742791251078
579,38.0,0.001714999999990141,0.0,0.0001885839121896071
580,4.0,0.00026800000000548607,0.0,0.0001387686851212597
581,9.0,0.0004619999999988522,0.0,0.00012489181660913371
582,13.0,0.0006390000000067175,0.0,0.00016972552097064636
583,4.0,0.00024700000000166256,0.0,0.0001527529688735817
584,6.0,0.00031599999999798456,0.0,6.265870772487628e-05
585,15.0,0.0007109999999954653,0.0,0.00014489669144958941
586,9.0,0.00044499999999914053,0.0,7.117121940822328e-05
587,11.0,0.0005359999999967613,0.0,2.0358498291269978e-05
588,23.0,0.0010750000000001592,0.0,-0.0001548493989212002
589,15.0,0.0008959999999973434,0.0,0.00016534131871456098
590,7.0,0.00036900000000628097,0.0,0.00014026312808486228
591,12.0,0.0005850000000009459,0.0,0.00012623681527637603
592,20.0,0.000953999999993016,0.0,3.45785441093905e-05
593,13.0,0.000626999999994382,0.0,0.000177189666095113
594,10.0,0.0004899999999992133,0.0,0.00014880718684310489
595,12.0,0.0005790000000018836,0.0,0.00014841653377024159
596,27.0,0.0012660000000010996,0.0,6.405409746740095e-05
597,4.0,0.00023300000000858745,0.0,0.0001558557258578561
598,6.0,0.00031599999999798456,0.0,0.0001402701532720705
599,23.0,0.0011590000000012424,0.0,0.0001594706994856017
600,4.0,0.00023699999999848842,0.0,0.00014352362953704153
601,12.0,0.0006010000000031823,0.0,0.00016872726822730457
602,10.0,0.0004910000000108994,0.0,0.00012917126658333738
603,9.0,0.00046799999999791453,0.0,0.00011625413992500365
604,31.0,0.0014120000000019672,0.0,1.8322648462142983e-05
605,9.0,0.0004480000000057771,0.0,0.00013909799631261084
606,12.0,0.0005769999999927222,0.0,0.00015550290264734106
607,18.0,0.0008360000000067203,0.0,0.00013995261238260696
608,14.0,0.0006790000000052032,0.0,6.327266248486887e-05
609,22.0,0.00101399999999785,0.0,7.316519735667463e-05
610,12.0,0.0005780000000044083,0.0,0.00018250787651554227
611,10.0,0.0004939999999891143,0.0,0.00016425708886398806
612,19.0,0.0009550000000047021,0.0,0.00017572971074757872
613,8.0,0.00041400000000635373,0.0,-0.00010916837390966325
614,19.0,0.0010209999999943875,0.0,0.00014783137997758926
615,4.0,0.0002460000000041873,0.0,0.00015815673967282083
616,69.0,0.003117000000003145,0.0,0.00015193662518405777
617,17.0,0.0008010000000098216,0.0,5.555939733387582e-05
618,5.0,0.00029000000000678483,0.0,0.00013304824197983033
619,9.0,0.00044900000000325235,0.0,0.00014328234739889847
620,36.0,0.001632000000000744,0.0,7.601240367462344e-05
621,4.0,0.0002309999999994261,0.0,0.00015536746251499996
622,6.0,0.00031599999999798456,0.0,0.0001356768637084462
623,13.0,0.000618000000002894,0.0,0.000179206236180715
624,4.0,0.00022899999999026477,0.0,0.00016128561256264348
625,20.0,0.000953999999993016,0.0,5.0003457600488225e-05
626,6.0,0.00032099999999957163,0.0,0.00014977334967231255
627,7.0,0.0003750000000053433,0.0,0.0001347960147050813
628,21.0,0.0009829999999908523,0.0,0.00014515705130637913
629,14.0,0.0007400000000075124,0.0,0.00014134678194215847
630,5.0,0.0002769999999969741,0.0,0.00012131641323457316
631,10.0,0.0005009999999998627,0.0,0.00013810878107685222
632,10.0,0.0005039999999922884,0.0,7.95382518005367e-05
633,17.0,0.000798000000003185,0.0,0.000135139593103694
634,11.0,0.0005359999999967613,0.0,1.6490383615928682e-05
635,16.0,0.0007590000000021746,0.0,3.040858409529657e-05
636,14.0,0.0006879999999966913,0.0,7.158442662048302e-05
637,6.0,0.00031900000000462114,0.0,0.00013350210407984004
638,6.0,0.000332000000000221,0.0,0.0001216256337933246
639,19.0,0.0008920000000074424,0.0,5.524410014339263e-05
640,4.0,0.00022999999998774,0.0,0.00010946307041399215
641,15.0,0.0007429999999999382,0.0,0.0001289541126590086
642,10.0,0.0004969999999957508,0.0,0.00011605870139310776
643,14.0,0.0006690000000020291,0.0,7.819910899424913e-05
644,8.0,0.0004069999999956053,0.0,0.00016286524536889677
645,6.0,0.0003180000000071459,0.0,0.0001529980055284452
646,8.0,0.00042799999999942884,0.0,8.18727642617848e-05
647,12.0,0.0005829999999917845,0.0,7.368548783560631e-05
648,15.0,0.0007120000000071514,0.0,0.00012163718994423082
649,18.0,0.0008399999999966212,0.0,0.0001219649794513467
650,33.0,0.0015250000000008868,0.0,-8.753948646119953e-05
651,18.0,0.0009380000000049904,0.0,0.0002018895111119483
652,20.0,0.0011719999999968422,0.0,0.0001243895738230032
653,36.0,0.0016940000000005284,0.0,0.00014502349009822105
654,26.0,0.0012380000000007385,0.0,8.201516121839159e-05
655,20.0,0.0009399999999999409,0.0,0.00017177799920510816
656,31.0,0.0014140000000111286,0.0,0.00010976848150621204
657,10.0,0.0004869999999925767,0.0,8.414841199798614e-05
658,11.0,0.0005369999999942365,0.0,4.971969012905337e-05
659,12.0,0.0005780000000044083,0.0,0.0001165766537244253
660,27.0,0.0012599999999878264,0.0,7.573357079818753e-05
661,13.0,0.0006220000000070058,0.0,0.00011772931063536949
662,12.0,0.0005769999999927222,0.0,8.699071869719527e-05
663,15.0,0.0007070000000055643,0.0,1.689748501271712e-05
664,32.0,0.001460999999991941,0.0,0.0001178603091420288
665,18.0,0.0008710000000036189,0.0,3.6614449165186245e-05
666,21.0,0.0013210000000043465,0.0,0.00011869408446982978
667,7.0,0.0003960000000091668,0.0,0.00010607427822782592
668,11.0,0.0005430000000075097,0.0,3.2953004248667615e-05
669,15.0,0.0007170000000087384,0.0,0.00020132511437357894
670,26.0,0.0012530000000054997,0.0,2.9657703823800853e-05
671,19.0,0.000881000000006793,0.0,0.0001968679705768018
672,10.0,0.0004930000000058499,0.0,0.00017718117351912165
673,17.0,0.0007949999999965485,0.0,0.00020181578797261383
674,24.0,0.0011130000000036944,0.0,0.00019198386646125272
675,12.0,0.0005919999999974834,0.0,0.00017278547981512744
676,19.0,0.0008800000000093178,0.0,8.397328423808274e-05
677,21.0,0.0009759999999943147,0.0,1.8567900418714023e-05
678,32.0,0.0014510000000029777,0.0,0.0001675841803457297
679,8.0,0.0004020000000082291,0.0,6.299514163541709e-05
680,17.0,0.000821000000001959,0.0,7.557595581427447e-05
681,17.0,0.0007939999999990732,0.0,-8.349737887928632e-05
682,41.0,0.0018449999999887723,0.0,0.00020509320485362058
683,9.0,0.00045500000000231466,0.0,0.00021548043437349994
684,7.0,0.00036500000000216914,0.0,7.95119263998076e-05
685,12.0,0.0006020000000006576,0.0,0.00019232117861768406
686,12.0,0.0005829999999917845,0.0,0.0002108650449302657
687,5.0,0.0002720000000095979,0.0,0.00017308906075591565
688,4.0,0.00022899999999026477,0.0,0.00018458388436825852
689,13.0,0.0006369999999975562,0.0,0.00019884384300119297
690,4.0,0.0002309999999994261,0.0,0.00015578015468032408
691,20.0,0.0009440000000040527,0.0,0.00014020213921229168
692,10.0,0.0005100000000055616,0.0,0.00012618192529106252
693,25.0,0.001720000000005939,0.0,0.00018995806813675142
694,54.0,0.0024590000000017653,0.0,0.00018943576409692658
695,12.0,0.0006050000000072941,0.0,-0.00010370430776021476
696,4.0,0.00023199999999690135,0.0,0.00015644011502594763
697,11.0,0.0005319999999926495,0.0,9.058715527076062e-05
698,15.0,0.0007179999999920028,0.0,3.112068969845144e-05
699,11.0,0.0005340000000018108,0.0,0.00015052647238490458
700,39.0,0.0017589999999927386,0.0,0.000169064402122671
701,4.0,0.00023000000000195087,0.0,0.00013547382514641414
702,7.0,0.00040799999999308056,0.0,0.00021614262805101083
703,11.0,0.0005400000000008731,0.0,2.6691933441420776e-05
704,14.0,0.0006680000000045538,0.0,0.00016166155604470115
705,23.0,0.0011049999999954707,0.0,6.0067167592866254e-05
706,14.0,0.0006769999999960419,0.0,0.00019300467839805275
707,17.0,0.0009830000000050632,0.0,3.0156683550320744e-05
708,5.0,0.0002920000000017353,0.0,0.00013350061005981643
709,4.0,0.000286000000002673,0.0,0.0001737042105582475
710,12.0,0.0005819999999943093,0.0,5.406045083357962e-05
711,9.0,0.0004559999999997899,0.0,4.865440575022167e-05
712,11.0,0.000534999999999286,0.0,0.00012015054905383478
713,4.0,0.00022900000000447562,0.0,0.00015633378950242273
714,52.0,0.0023429999999962092,0.0,0.00014549540044023104
715,23.0,0.0010549999999938109,0.0,2.402274009727869e-05
716,23.0,0.001102000000003045,0.0,2.714101519528866e-05
717,91.0,0.004080999999999335,0.0,4.973298754078971e-05
718,10.0,0.0005520000000132086,0.0,6.272619811780578e-05
719,12.0,0.0005910000000000082,0.0,6.439357106111738e-05
720,30.0,0.001581000000001609,0.0,0.00018992950032518428
721,7.0,0.0003949999999974807,0.0,0.00017613380729081626
722,13.0,0.0006609999999938054,0.0,0.00022480400395775619
723,10.0,0.0004969999999957508,0.0,0.00020232360356198058
724,6.0,0.0003180000000071459,0.0,0.0001820912432057825
725,36.0,0.0016310000000032687,0.0,4.563283281851897e-05
726,16.0,0.0007760000000018863,0.0,0.00016388211888520424
727,8.0,0.0004059999999981301,0.0,0.00017362821625014106
728,17.0,0.0007990000000006603,0.0,3.4511661041044666e-05
729,21.0,0.0009709999999927277,0.0,0.0001718904435895379
730,10.0,0.0005210000000062109,0.0,-0.00021267984876084878
731,7.0,0.0003719999999987067,0.0,0.0001419343016364989
732,13.0,0.0006309999999984939,0.0,-9.825153651869692e-05
733,10.0,0.0005079999999964002,0.0,7.34890952037843e-05
734,6.0,0.00031900000000462114,0.0,0.00015470139923058407
735,8.0,0.0004059999999981301,0.0,6.614018568340587e-05
736,22.0,0.0010759999999976344,0.0,3.906795494072304e-05
737,21.0,0.0009790000000009513,0.0,7.101973328202589e-05
738,15.0,0.0008679999999969823,0.0,0.00015817679319163845
739,9.0,0.0005799999999993588,0.0,0.00017312775570332964
740,19.0,0.0009149999999920055,0.0,0.00021083963730075483
741,7.0,0.0003719999999987067,0.0,0.00015581498013299668
742,8.0,0.0004139999999921429,0.0,0.00020909557664072824
743,11.0,0.0005380000000059226,0.0,5.2424193786862694e-05
744,25.0,0.001151999999990494,0.0,0.00018975567357067935
745,6.0,0.00034999999999740794,0.0,0.0001873622209542434
746,18.0,0.0008410000000083073,0.0,7.992694558147653e-05
747,12.0,0.0005779999999901975,0.0,0.00013507601641747353
748,22.0,0.0010099999999937381,0.0,0.0001707801062136114
749,12.0,0.0005890000000050577,0.0,0.00012636432432207447
750,23.0,0.0010589999999979227,0.0,6.153269543135122e-05
751,39.0,0.0017830000000031987,0.0,0.00016980734331922473
752,12.0,0.0005879999999933716,0.0,-6.0535997923751896e-05
753,32.0,0.0014890000000065129,0.0,0.00018112364947531152
754,32.0,0.0016419999999897072,0.0,0.00021026079804716203
755,10.0,0.0005459999999999354,0.0,0.00016712417110176307
756,5.0,0.0002830000000102473,0.0,0.0001892347182424458
757,9.0,0.00045099999999820284,0.0,0.00012883547043706164
758,12.0,0.0005799999999993588,0.0,7.201806466296376e-05
759,9.0,0.0004480000000057771,0.0,5.8675340575137024e-05
760,14.0,0.0006699999999995043,0.0,-0.00030210002551460944
761,12.0,0.0005940000000066448,0.0,0.0001400516635461655
762,7.0,0.0003600000000005821,0.0,-9.33338769841933e-05
763,13.0,0.0006249999999994316,0.0,6.90464534287626e-05
764,27.0,0.0012459999999947513,0.0,0.0001159519233933555
765,9.0,0.00044799999999156626,0.0,6.214180808588633e-05
766,8.0,0.00041099999999971715,0.0,5.2807806517623314e-05
767,8.0,0.0004069999999956053,0.0,0.00018803667007527482
768,11.0,0.0005519999999989977,0.0,0.00016923300306774733
769,14.0,0.0006680000000045538,0.0,0.00019559691469487386
770,14.0,0.0006659999999953925,0.0,-8.400048928577399e-05
771,8.0,0.0004160000000013042,0.0,0.00016082593404518464
772,17.0,0.000835000000009245,0.0,0.00018602081053560338
773,27.0,0.00130500000000211,0.0,4.912915948001697e-05
774,22.0,0.001176000000000954,0.0,3.603345969890038e-05
775,7.0,0.00036900000000628097,0.0,0.00016200151121545798
776,6.0,0.00032399999999199736,0.0,0.0001458013600939122
777,6.0,0.0003369999999875972,0.0,4.392367989597092e-05
778,6.0,0.000335999999990122,0.0,0.00019117771079272446
779,25.0,0.0011489999999980682,0.0,-0.0004633295093878285
780,30.0,0.001377999999988333,0.0,4.941120191269665e-05
781,12.0,0.0005740000000002965,0.0,8.51299382564841e-05
782,4.0,0.0002309999999994261,0.0,0.000172059939713452
783,6.0,0.00031599999999798456,0.0,0.0001548539457421068
784,4.0,0.00022800000000700038,0.0,0.0001393685511678961
785,10.0,0.000489000000001738,0.0,6.637595612788243e-05
786,12.0,0.0005770000000069331,0.0,7.884405214489561e-05
787,19.0,0.0009020000000106165,0.0,0.0002116243732649175
788,7.0,0.0003679999999945949,0.0,0.00019046193593842572
789,18.0,0.0008400000000108321,0.0,0.00018251505585215925
790,7.0,0.0003760000000028185,0.0,0.00017369569040104072
791,14.0,0.0007200000000011642,0.0,0.00017598618761437967
792,7.0,0.0003649999999879583,0.0,0.00016893028301041534
793,14.0,0.000683000000009315,0.0,0.00017688182887639565
794,17.0,0.0008069999999946731,0.0,2.8037745739413245e-05
795,15.0,0.0007130000000046266,0.0,0.00017139378032288605
796,17.0,0.0007990000000006603,0.0,0.00013614208572194103
797,6.0,0.0003290000000077953,0.0,0.0001583875688529417
798,27.0,0.0012420000000048503,0.0,7.095964693040605e-05
799,10.0,0.0004909999999966885,0.0,0.00012252787714974692
800,8.0,0.00041299999999466763,0.0,0.00017448867943926108
801,8.0,0.00040500000000065484,0.0,0.00011027508943477223
802,6.0,0.0003270000000128448,0.0,7.653677925101529e-05
803,13.0,0.0006210000000095306,0.0,0.00019328376836556403
804,15.0,0.00070999999999799,0.0,6.888310132591378e-05
805,18.0,0.0008359999999925094,0.0,0.0001883051397890856
806,6.0,0.00031599999999798456,0.0,0.00016154929834774317
807,31.0,0.0014840000000049258,0.0,-5.692538707620522e-05
808,10.0,0.0004919999999941638,0.0,0.00016947462581017703
809,16.0,0.000812000000010471,0.0,7.771978029236142e-05
810,29.0,0.001337000000006583,0.0,0.00017372275763618623
811,9.0,0.00045099999999820284,0.0,0.0001904803744428149
812,6.0,0.0003260000000011587,0.0,8.898956236905636e-05
813,10.0,0.0004940000000033251,0.0,0.00017995052352235758
814,36.0,0.0016339999999956945,0.0,0.00021667469065711595
815,16.0,0.000752000000005637,0.0,0.00015635048187256762
816,21.0,0.0009760000000085256,0.0,0.0002185451180802176
817,13.0,0.0006539999999972679,0.0,0.00018781895911589534
818,21.0,0.0009760000000085256,0.0,0.00017395539152900764
819,16.0,0.0007480000000015252,0.0,0.0001760821498965789
820,14.0,0.0006639999999862312,0.0,0.00016466648394599604
821,14.0,0.0006660000000096034,0.0,0.00019669060627219585
822,20.0,0.0009340000000008786,0.0,0.00016557799413538288
823,7.0,0.00036900000000628097,0.0,0.00014902019472184458
824,37.0,0.001668999999992593,0.0,-4.257494537498628e-05
825,17.0,0.0008179999999953225,0.0,0.00018763610237461657
826,18.0,0.0008430000000032578,0.0,0.00018005106590227097
827,12.0,0.0005790000000018836,0.0,0.0001571657435770219
828,10.0,0.0005170000000020991,0.0,8.424922077833921e-05
829,59.0,0.0026309999999938327,0.0,0.0001750268421947533
830,15.0,0.0007100000000122009,0.0,0.00017940401018220678
831,22.0,0.0010290000000026112,0.0,0.00016935388584001562
832,6.0,0.0003229999999945221,0.0,0.0001614636091639861
833,4.0,0.00022799999999278953,0.0,0.0001453172482475875
834,14.0,0.0006670000000070786,0.0,8.73178648674659e-05
835,14.0,0.0006659999999953925,0.0,5.581886311597947e-05
836,14.0,0.000667999999990343,0.0,0.00016712601631752372
837,4.0,0.00022800000000700038,0.0,0.00015041341468577136
838,11.0,0.0005380000000059226,0.0,0.00015115833809376547
839,11.0,0.0005319999999926495,0.0,0.00013537207321719422
840,6.0,0.0003229999999945221,0.0,0.00014606193886322806
841,9.0,0.00045699999999726515,0.0,0.00013145574497690525
842,10.0,0.0004980000000074369,0.0,0.00013025946289693294
843,8.0,0.00040799999999308056,0.0,8.648885684736581e-05
844,5.0,0.00027900000000613545,0.0,0.00011723351660723963
845,75.0,0.0033410000000060336,0.0,-0.00031346568274545
846,6.0,0.0003180000000071459,0.0,6.70925122137587e-05
847,33.0,0.0014869999999973516,0.0,0.00015194793071548885
848,24.0,0.0010989999999964084,0.0,0.00014681924796703663
849,11.0,0.0005350000000134969,0.0,5.023697680438152e-05
850,20.0,0.0009319999999917172,0.0,0.0001506284467092998
851,8.0,0.0004040000000031796,0.0,8.947435648145802e-05
852,24.0,0.0011000000000080945,0.0,0.00010198288855761282
853,20.0,0.0009329999999891925,0.0,-1.9159167573825134e-05
854,29.0,0.001340999999996484,0.0,-1.724325081644263e-05
855,8.0,0.0004040000000031796,0.0,9.178459970185155e-05
856,6.0,0.0003169999999954598,0.0,8.767835353631776e-05
857,13.0,0.0006230000000044811,0.0,-1.551892573479837e-05
858,16.0,0.0007530000000031123,0.0,6.741695201572539e-05
859,6.0,0.00031599999999798456,0.0,0.00016699444330071927
860,15.0,0.0007090000000005148,0.0,0.00015807887166633598
861,4.0,0.00022800000000700038,0.0,0.0001422709844997024
862,31.0,0.0014230000000026166,0.0,0.0001703584527087532
863,7.0,0.00036199999999553256,0.0,0.0001533226074378779
864,9.0,0.0004500000000007276,0.0,0.0001379903466940901
865,6.0,0.0003169999999954598,0.0,0.00012419131202468108
866,12.0,0.0005859999999984211,0.0,0.00014908414033844563
867,18.0,0.0008610000000004447,0.0,6.067525681415284e-05
868,9.0,0.0004559999999997899,0.0,0.00014469433705019663
869,16.0,0.0007999999999981355,0.0,0.00013553006999510788
870,44.0,0.0019810000000006767,0.0,9.649511058128662e-05
871,15.0,0.0007109999999954653,0.0,0.00020383284608407442
872,16.0,0.0007540000000005875,0.0,7.236515142871315e-05
873,15.0,0.0007330000000109749,0.0,0.0001335148780065276
874,13.0,0.0006240000000019563,0.0,0.00014985810079037794
875,17.0,0.0007959999999940237,0.0,0.00013172056346934282
876,9.0,0.000446999999994091,0.0,0.00013487229071134017
877,14.0,0.000664000000000442,0.0,0.00012138506164020615
878,8.0,0.00040300000000570435,0.0,7.187311002348823e-05
879,12.0,0.0005770000000069331,0.0,0.00014107814324357845
880,9.0,0.0004599999999896909,0.0,0.0001380932730621722
881,16.0,0.0007489999999990005,0.0,7.61793651881e-05
882,11.0,0.0005319999999926495,0.0,6.512863628584182e-05
883,39.0,0.0017459999999971387,0.0,7.238212203222459e-05
884,33.0,0.0015159999999951879,0.0,5.8055965383558764e-05
885,6.0,0.0003140000000030341,0.0,0.00015982279873163693
886,12.0,0.0005790000000018836,0.0,0.00015497394222066638
887,15.0,0.0007140000000021018,0.0,0.0001830650666298648
888,22.0,0.001005000000006362,0.0,0.0001597327227983701
889,14.0,0.0006630000000029668,0.0,0.00021749086963111978
890,7.0,0.0003659999999996444,0.0,0.00013947654799859976
891,7.0,0.00036500000000216914,0.0,0.00015329240873160864
892,22.0,0.0010199999999969123,0.0,0.00013796316785844774
893,4.0,0.0002309999999994261,0.0,0.00012552889319873976
894,12.0,0.000580999999996834,0.0,8.907906482062439e-05
895,6.0,0.0003180000000071459,0.0,0.00013447262980628103
896,12.0,0.000580999999996834,0.0,0.00012557087035212596
897,14.0,0.00067299999999193,0.0,7.538489813195537e-05
898,28.0,0.001285999999993237,0.0,-0.00029268669166497346
899,9.0,0.00044700000000830187,0.0,0.00011301378331691334
900,14.0,0.0006659999999953925,0.0,5.9030774553017735e-05
901,13.0,0.0006230000000044811,0.0,9.166472450552256e-05
902,7.0,0.0003600000000005821,0.0,0.00010171240498522201
903,15.0,0.0007080000000030395,0.0,8.176806268472999e-05
904,14.0,0.000678000000007728,0.0,0.00010630616340087827
905,17.0,0.0007959999999940237,0.0,0.0001647585599668783
906,6.0,0.0003200000000020964,0.0,9.567554706079045e-05
907,6.0,0.00031599999999798456,0.0,8.61079923547114e-05
908,51.0,0.0022809999999964248,0.0,5.2250368845202885e-05
909,15.0,0.0007260000000002265,0.0,0.00010738257638390677
910,9.0,0.00044599999999661577,0.0,0.00021224559477804562
911,11.0,0.0005330000000043356,0.0,0.0001809001335618266
912,12.0,0.0005769999999927222,0.0,0.00016281012020564394
913,19.0,0.0008780000000001564,0.0,0.00020828405868664055
914,5.0,0.0002709999999979118,0.0,0.0001104797605725039
915,5.0,0.0002740000000045484,0.0,0.0001874556528179765
916,16.0,0.0007659999999987122,0.0,8.249825205497032e-05
917,19.0,0.0008880000000033306,0.0,0.00016846127643834234
918,49.0,0.0021789999999981546,0.0,0.00019962675062791633
919,5.0,0.00028500000000519776,0.0,0.0001516151487945081
920,14.0,0.0006799999999884676,0.0,0.0001796640755651247
921,10.0,0.0004969999999957508,0.0,0.00014643864245358283
922,6.0,0.0003140000000030341,0.0,0.0001423306314762446
923,23.0,0.0010570000000029722,0.0,0.0001391246113056772
924,28.0,0.0012669999999985748,0.0,0.00015748960237295249
925,19.0,0.0008830000000017435,0.0,0.00014667190780201766
926,43.0,0.001941000000002191,0.0,7.359125641625698e-05
927,7.0,0.0003609999999980573,0.0,0.00010395088292237424
928,13.0,0.0006190000000003693,0.0,0.00016169766800861222
929,20.0,0.0009319999999917172,0.0,4.7025331960682593e-05
930,33.0,0.001512000000005287,0.0,0.00010393599992164878
931,30.0,0.0013849999999990814,0.0,0.0002004149859356309
932,4.0,0.00022900000000447562,0.0,0.00018037348734206783
933,14.0,0.0006690000000020291,0.0,6.623213077463128e-05
934,13.0,0.0006249999999994316,0.0,0.000192421576277693
935,5.0,0.00027199999999538704,0.0,0.00019810294467597974
936,23.0,0.001070000000012783,0.0,0.00017829265020838177
937,7.0,0.0003760000000028185,0.0,0.00018249972542814472
938,19.0,0.0008820000000042683,0.0,5.312769709771596e-05
939,10.0,0.0004910000000108994,0.0,0.00016424975288533024
940,12.0,0.0005749999999977717,0.0,6.393624049868518e-05
941,8.0,0.0004080000000072914,0.0,6.77836047517699e-05
942,14.0,0.0006750000000010914,0.0,0.00018979383955689547
943,5.0,0.0002800000000036107,0.0,0.00017081445560120594
944,9.0,0.00044900000000325235,0.0,0.0001050359660964445
945,13.0,0.0006220000000070058,0.0,0.00017850359860081325
946,18.0,0.0008430000000032578,0.0,0.00016139607218872484
947,14.0,0.0006709999999969796,0.0,0.00016065323874073193
948,9.0,0.0004480000000057771,0.0,0.00022989142411835006
949,7.0,0.0003580000000056316,0.0,0.00014525646496985235
950,7.0,0.0003679999999945949,0.0,0.00013073081847286714
951,15.0,0.0007070000000055643,0.0,0.00014458791486665872
952,12.0,0.0005780000000044083,0.0,0.00013012912337999287
953,12.0,0.0005790000000018836,0.0,0.00023115442643158946
954,15.0,0.0007039999999989277,0.0,0.0002080389837884305
955,14.0,0.0006620000000054915,0.0,0.00014965600203313046
956,26.0,0.0011949999999956162,0.0,-8.510534049638058e-05
957,11.0,0.0005369999999942365,0.0,0.00014494143642322064
958,8.0,0.0004020000000082291,0.0,0.00014047188123364297
959,12.0,0.0005730000000028213,0.0,0.00012521215017510947
960,22.0,0.0010089999999962629,0.0,-5.507790039379175e-05
961,6.0,0.00031599999999798456,0.0,0.00014762729366730787
962,8.0,0.00040500000000065484,0.0,0.00013286456430057709
963,8.0,0.00041699999999877946,0.0,6.503355132887433e-05
964,27.0,0.0012359999999915772,0.0,0.00019689370610884334
965,8.0,0.0004040000000031796,0.0,0.00015104956168187896
966,15.0,0.0007149999999995771,0.0,0.00018777488810403303
967,23.0,0.001064999999996985,0.0,6.319626345659525e-05
968,13.0,0.0006259999999969068,0.0,0.00011269093515759853
969,18.0,0.0008490000000023201,0.0,0.00016972817987505323
970,17.0,0.0007959999999940237,0.0,0.00016899739929362973
971,19.0,0.000884999999996694,0.0,0.00010142184164183866
972,20.0,0.0009190000000103282,0.0,0.0001690999641079141
973,27.0,0.0012509999999963384,0.0,0.00012273035033927564
974,9.0,0.0004500000000007276,0.0,0.00011045731530534808
975,13.0,0.0006209999999953197,0.0,9.12796574776548e-05
976,46.0,0.0020580000000052223,0.0,0.00016572964712810787
977,12.0,0.0005799999999993588,0.0,8.247498131310594e-05
978,4.0,0.00022799999999278953,0.0,0.0001741282681678722
979,19.0,0.0008919999999932315,0.0,0.0001856954133093692
980,12.0,0.0005740000000002965,0.0,0.0001890866198178813
981,11.0,0.0005309999999951742,0.0,0.00010140998106310606
982,39.0,0.001755999999986102,0.0,0.00015784580426577105
983,21.0,0.000990999999999076,0.0,-0.00020737795489754197
984,11.0,0.000534999999999286,0.0,0.00014206122383919395
985,28.0,0.001277000000001749,0.0,6.272932696888776e-05
986,12.0,0.0005729999999886104,0.0,0.00012785510145527454
987,9.0,0.00044499999999914053,0.0,9.526760160968452e-05
988,8.0,0.00039999999999906777,0.0,9.126898295679545e-05
989,4.0,0.00022800000000700038,0.0,0.0001834715163803148
990,10.0,0.0005060000000014497,0.0,0.00016512436474228333
991,18.0,0.0008490000000023201,0.0,8.21420846611159e-05
992,12.0,0.0005829999999917845,0.0,7.39278761950043e-05
993,22.0,0.00101399999999785,0.0,0.00011566652157536925
994,8.0,0.00040300000000570435,0.0,0.00017752086851146573
995,5.0,0.0002829999999960364,0.0,0.00015976878166031917
996,6.0,0.00031900000000462114,0.0,6.653508857550386e-05
997,11.0,0.0005589999999955353,0.0,9.844102055725696e-06
998,12.0,0.0005799999999993588,0.0,0.00011188941633144366
999,24.0,0.001102000000003045,0.0,0.00014379190349428724
1000,0.0,0.0,0.0,0.0
1001,0.0,0.0,0.0,0.0
1002,0.0,0.0,0.0,0.0
1003,0.0,0.0,0.0,0.0
1004,0.0,0.0,0.0,0.0
1005,0.0,0.0,0.0,0.0
1006,0.0,0.0,0.0,0.0
1007,0.0,0.0,0.0,0.0
1008,0.0,0.0,0.0,0.0
1009,0.0,0.0,0.0,0.0
1010,0.0,0.0,0.0,0.0
1011,0.0,0.0,0.0,0.0
1012,0.0,0.0,0.0,0.0
1013,0.0,0.0,0.0,0.0
1014,0.0,0.0,0.0,0.0
1015,0.0,0.0,0.0,0.0
1016,0.0,0.0,0.0,0.0
1017,0.0,0.0,0.0,0.0
1018,0.0,0.0,0.0,0.0
1019,0.0,0.0,0.0,0.0
1020,0.0,0.0,0.0,0.0
1021,0.0,0.0,0.0,0.0
1022,0.0,0.0,0.0,0.0
1023,0.0,0.0,0.0,0.0
1024,0.0,0.0,0.0,0.0
1025,0.0,0.0,0.0,0.0
1026,0.0,0.0,0.0,0.0
1027,0.0,0.0,0.0,0.0
1028,0.0,0.0,0.0,0.0
1029,0.0,0.0,0.0,0.0
1030,0.0,0.0,0.0,0.0
1031,0.0,0.0,0.0,0.0
1032,0.0,0.0,0.0,0.0
1033,0.0,0.0,0.0,0.0
1034,0.0,0.0,0.0,0.0
1035,0.0,0.0,0.0,0.0
1036,0.0,0.0,0.0,0.0
1037,0.0,0.0,0.0,0.0
1038,0.0,0.0,0.0,0.0
1039,0.0,0.0,0.0,0.0
1040,0.0,0.0,0.0,0.0
1041,0.0,0.0,0.0,0.0
1042,0.0,0.0,0.0,0.0
1043,0.0,0.0,0.0,0.0
1044,0.0,0.0,0.0,0.0
1045,0.0,0.0,0.0,0.0
1046,0.0,0.0,0.0,0.0
1047,0.0,0.0,0.0,0.0
1048,0.0,0.0,0.0,0.0
1049,0.0,0.0,0.0,0.0
1050,0.0,0.0,0.0,0.0
1051,0.0,0.0,0.0,0.0
1052,0.0,0.0,0.0,0.0
1053,0.0,0.0,0.0,0.0
1054,0.0,0.0,0.0,0.0
1055,0.0,0.0,0.0,0.0
1056,0.0,0.0,0.0,0.0
1057,0.0,0.0,0.0,0.0
1058,0.0,0.0,0.0,0.0
1059,0.0,0.0,0.0,0.0
1060,0.0,0.0,0.0,0.0
1061,0.0,0.0,0.0,0.0
1062,0.0,0.0,0.0,0.0
1063,0.0,0.0,0.0,0.0
1064,0.0,0.0,0.0,0.0
1065,0.0,0.0,0.0,0.0
1066,0.0,0.0,0.0,0.0
1067,0.0,0.0,0.0,0.0
1068,0.0,0.0,0.0,0.0
1069,0.0,0.0,0.0,0.0
1070,0.0,0.0,0.0,0.0
1071,0.0,0.0,0.0,0.0
1072,0.0,0.0,0.0,0.0
1073,0.0,0.0,0.0,0.0
1074,0.0,0.0,0.0,0.0
1075,0.0,0.0,0.0,0.0
1076,0.0,0.0,0.0,0.0
1077,0.0,0.0,0.0,0.0
1078,0.0,0.0,0.0,0.0
1079,0.0,0.0,0.0,0.0
1080,0.0,0.0,0.0,0.0
1081,0.0,0.0,0.0,0.0
1082,0.0,0.0,0.0,0.0
1083,0.0,0.0,0.0,0.0
1084,0.0,0.0,0.0,0.0
1085,0.0,0.0,0.0,0.0
1086,0.0,0.0,0.0,0.0
1087,0.0,0.0,0.0,0.0
1088,0.0,0.0,0.0,0.0
1089,0.0,0.0,0.0,0.0
1090,0.0,0.0,0.0,0.0
1091,0.0,0.0,0.0,0.0
1092,0.0,0.0,0.0,0.0
1093,0.0,0.0,0.0,0.0
1094,0.0,0.0,0.0,0.0
1095,0.0,0.0,0.0,0.0
1096,0.0,0.0,0.0,0.0
1097,0.0,0.0,0.0,0.0
1098,0.0,0.0,0.0,0.0
1099,0.0,0.0,0.0,0.0
1100,0.0,0.0,0.0,0.0
1101,0.0,0.0,0.0,0.0
1102,0.0,0.0,0.0,0.0
1103,0.0,0.0,0.0,0.0
1104,0.0,0.0,0.0,0.0
1105,0.0,0.0,0.0,0.0
1106,0.0,0.0,0.0,0.0
1107,0.0,0.0,0.0,0.0
1108,0.0,0.0,0.0,0.0
1109,0.0,0.0,0.0,0.0
1110,0.0,0.0,0.0,0.0
1111,0.0,0.0,0.0,0.0
1112,0.0,0.0,0.0,0.0
1113,0.0,0.0,0.0,0.0
1114,0.0,0.0,0.0,0.0
1115,0.0,0.0,0.0,0.0
1116,0.0,0.0,0.0,0.0
1117,0.0,0.0,0.0,0.0
1118,0.0,0.0,0.0,0.0
1119,0.0,0.0,0.0,0.0
1120,0.0,0.0,0.0,0.0
1121,0.0,0.0,0.0,0.0
1122,0.0,0.0,0.0,0.0
1123,0.0,0.0,0.0,0.0
1124,0.0,0.0,0.0,0.0
1125,0.0,0.0,0.0,0.0
1126,0.0,0.0,0.0,0.0
1127,0.0,0.0,0.0,0.0
1128,0.0,0.0,0.0,0.0
1129,0.0,0.0,0.0,0.0
1130,0.0,0.0,0.0,0.0
1131,0.0,0.0,0.0,0.0
1132,0.0,0.0,0.0,0.0
1133,0.0,0.0,0.0,0.0
1134,0.0,0.0,0.0,0.0
1135,0.0,0.0,0.0,0.0
1136,0.0,0.0,0.0,0.0
1137,0.0,0.0,0.0,0.0
1138,0.0,0.0,0.0,0.0
1139,0.0,0.0,0.0,0.0
1140,0.0,0.0,0.0,0.0
1141,0.0,0.0,0.0,0.0
1142,0.0,0.0,0.0,0.0
1143,0.0,0.0,0.0,0.0
1144,0.0,0.0,0.0,0.0
1145,0.0,0.0,0.0,0.0
1146,0.0,0.0,0.0,0.0
1147,0.0,0.0,0.0,0.0
1148,0.0,0.0,0.0,0.0
1149,0.0,0.0,0.0,0.0
1150,0.0,0.0,0.0,0.0
1151,0.0,0.0,0.0,0.0
1152,0.0,0.0,0.0,0.0
1153,0.0,0.0,0.0,0.0
1154,0.0,0.0,0.0,0.0
1155,0.0,0.0,0.0,0.0
1156,0.0,0.0,0.0,0.0
1157,0.0,0.0,0.0,0.0
1158,0.0,0.0,0.0,0.0
1159,0.0,0.0,0.0,0.0
1160,0.0,0.0,0.0,0.0
1161,0.0,0.0,0.0,0.0
1162,0.0,0.0,0.0,0.0
1163,0.0,0.0,0.0,0.0
1164,0.0,0.0,0.0,0.0
1165,0.0,0.0,0.0,0.0
1166,0.0,0.0,0.0,0.0
1167,0.0,0.0,0.0,0.0
1168,0.0,0.0,0.0,0.0
1169,0.0,0.0,0.0,0.0
1170,0.0,0.0,0.0,0.0
1171,0.0,0.0,0.0,0.0
1172,0.0,0.0,0.0,0.0
1173,0.0,0.0,0.0,0.0
1174,0.0,0.0,0.0,0.0
1175,0.0,0.0,0.0,0.0
1176,0.0,0.0,0.0,0.0
1177,0.0,0.0,0.0,0.0
1178,0.0,0.0,0.0,0.0
1179,0.0,0.0,0.0,0.0
1180,0.0,0.0,0.0,0.0
1181,0.0,0.0,0.0,0.0
1182,0.0,0.0,0.0,0.0
1183,0.0,0.0,0.0,0.0
1184,0.0,0.0,0.0,0.0
1185,0.0,0.0,0.0,0.0
1186,0.0,0.0,0.0,0.0
1187,0.0,0.0,0.0,0.0
1188,0.0,0.0,0.0,0.0
1189,0.0,0.0,0.0,0.0
1190,0.0,0.0,0.0,0.0
1191,0.0,0.0,0.0,0.0
1192,0.0,0.0,0.0,0.0
1193,0.0,0.0,0.0,0.0
1194,0.0,0.0,0.0,0.0
1195,0.0,0.0,0.0,0.0
1196,0.0,0.0,0.0,0.0
1197,0.0,0.0,0.0,0.0
1198,0.0,0.0,0.0,0.0
1199,0.0,0.0,0.0,0.0
1200,0.0,0.0,0.0,0.0
1201,0.0,0.0,0.0,0.0
1202,0.0,0.0,0.0,0.0
1203,0.0,0.0,0.0,0.0
1204,0.0,0.0,0.0,0.0
1205,0.0,0.0,0.0,0.0
1206,0.0,0.0,0.0,0.0
1207,0.0,0.0,0.0,0.0
1208,0.0,0.0,0.0,0.0
1209,0.0,0.0,0.0,0.0
1210,0.0,0.0,0.0,0.0
1211,0.0,0.0,0.0,0.0
1212,0.0,0.0,0.0,0.0
1213,0.0,0.0,0.0,0.0
1214,0.0,0.0,0.0,0.0
1215,0.0,0.0,0.0,0.0
1216,0.0,0.0,0.0,0.0
1217,0.0,0.0,0.0,0.0
1218,0.0,0.0,0.0,0.0
1219,0.0,0.0,0.0,0.0
1220,0.0,0.0,0.0,0.0
1221,0.0,0.0,0.0,0.0
1222,0.0,0.0,0.0,0.0
1223,0.0,0.0,0.0,0.0
1224,0.0,0.0,0.0,0.0
1225,0.0,0.0,0.0,0.0
1226,0.0,0.0,0.0,0.0
1227,0.0,0.0,0.0,0.0
1228,0.0,0.0,0.0,0.0
1229,0.0,0.0,0.0,0.0
1230,0.0,0.0,0.0,0.0
1231,0.0,0.0,0.0,0.0
1232,0.0,0.0,0.0,0.0
1233,0.0,0.0,0.0,0.0
1234,0.0,0.0,0.0,0.0
1235,0.0,0.0,0.0,0.0
1236,0.0,0.0,0.0,0.0
1237,0.0,0.0,0.0,0.0
1238,0.0,0.0,0.0,0.0
1239,0.0,0.0,0.0,0.0
1240,0.0,0.0,0.0,0.0
1241,0.0,0.0,0.0,0.0
1242,0.0,0.0,0.0,0.0
1243,0.0,0.0,0.0,0.0
1244,0.0,0.0,0.0,0.0
1245,0.0,0.0,0.0,0.0
1246,0.0,0.0,0.0,0.0
1247,0.0,0.0,0.0,0.0
1248,0.0,0.0,0.0,0.0
1249,0.0,0.0,0.0,0.0
1250,0.0,0.0,0.0,0.0
1251,0.0,0.0,0.0,0.0
1252,0.0,0.0,0.0,0.0
1253,0.0,0.0,0.0,0.0
1254,0.0,0.0,0.0,0.0
1255,0.0,0.0,0.0,0.0
1256,0.0,0.0,0.0,0.0
1257,0.0,0.0,0.0,0.0
1258,0.0,0.0,0.0,0.0
1259,0.0,0.0,0.0,0.0
1260,0.0,0.0,0.0,0.0
1261,0.0,0.0,0.0,0.0
1262,0.0,0.0,0.0,0.0
1263,0.0,0.0,0.0,0.0
1264,0.0,0.0,0.0,0.0
1265,0.0,0.0,0.0,0.0
1266,0.0,0.0,0.0,0.0
1267,0.0,0.0,0.0,0.0
1268,0.0,0.0,0.0,0.0
1269,0.0,0.0,0.0,0.0
1270,0.0,0.0,0.0,0.0
1271,0.0,0.0,0.0,0.0
1272,0.0,0.0,0.0,0.0
1273,0.0,0.0,0.0,0.0
1274,0.0,0.0,0.0,0.0
1275,0.0,0.0,0.0,0.0
1276,0.0,0.0,0.0,0.0
1277,0.0,0.0,0.0,0.0
1278,0.0,0.0,0.0,0.0
1279,0.0,0.0,0.0,0.0
1280,0.0,0.0,0.0,0.0
1281,0.0,0.0,0.0,0.0
1282,0.0,0.0,0.0,0.0
1283,0.0,0.0,0.0,0.0
1284,0.0,0.0,0.0,0.0
1285,0.0,0.0,0.0,0.0
1286,0.0,0.0,0.0,0.0
1287,0.0,0.0,0.0,0.0
1288,0.0,0.0,0.0,0.0
1289,0.0,0.0,0.0,0.0
1290,0.0,0.0,0.0,0.0
1291,0.0,0.0,0.0,0.0
1292,0.0,0.0,0.0,0.0
1293,0.0,0.0,0.0,0.0
1294,0.0,0.0,0.0,0.0
1295,0.0,0.0,0.0,0.0
1296,0.0,0.0,0.0,0.0
1297,0.0,0.0,0.0,0.0
1298,0.0,0.0,0.0,0.0
1299,0.0,0.0,0.0,0.0
1300,0.0,0.0,0.0,0.0
1301,0.0,0.0,0.0,0.0
1302,0.0,0.0,0.0,0.0
1303,0.0,0.0,0.0,0.0
1304,0.0,0.0,0.0,0.0
1305,0.0,0.0,0.0,0.0
1306,0.0,0.0,0.0,0.0
1307,0.0,0.0,0.0,0.0
1308,0.0,0.0,0.0,0.0
1309,0.0,0.0,0.0,0.0
1310,0.0,0.0,0.0,0.0
1311,0.0,0.0,0.0,0.0
1312,0.0,0.0,0.0,0.0
1313,0.0,0.0,0.0,0.0
1314,0.0,0.0,0.0,0.0
1315,0.0,0.0,0.0,0.0
1316,0.0,0.0,0.0,0.0
1317,0.0,0.0,0.0,0.0
1318,0.0,0.0,0.0,0.0
1319,0.0,0.0,0.0,0.0
1320,0.0,0.0,0.0,0.0
1321,0.0,0.0,0.0,0.0
1322,0.0,0.0,0.0,0.0
1323,0.0,0.0,0.0,0.0
1324,0.0,0.0,0.0,0.0
1325,0.0,0.0,0.0,0.0
1326,0.0,0.0,0.0,0.0
1327,0.0,0.0,0.0,0.0
1328,0.0,0.0,0.0,0.0
1329,0.0,0.0,0.0,0.0
1330,0.0,0.0,0.0,0.0
1331,0.0,0.0,0.0,0.0
1332,0.0,0.0,0.0,0.0
1333,0.0,0.0,0.0,0.0
1334,0.0,0.0,0.0,0.0
1335,0.0,0.0,0.0,0.0
1336,0.0,0.0,0.0,0.0
1337,0.0,0.0,0.0,0.0
1338,0.0,0.0,0.0,0.0
1339,0.0,0.0,0.0,0.0
1340,0.0,0.0,0.0,0.0
1341,0.0,0.0,0.0,0.0
1342,0.0,0.0,0.0,0.0
1343,0.0,0.0,0.0,0.0
1344,0.0,0.0,0.0,0.0
1345,0.0,0.0,0.0,0.0
1346,0.0,0.0,0.0,0.0
1347,0.0,0.0,0.0,0.0
1348,0.0,0.0,0.0,0.0
1349,0.0,0.0,0.0,0.0
1350,0.0,0.0,0.0,0.0
1351,0.0,0.0,0.0,0.0
1352,0.0,0.0,0.0,0.0
1353,0.0,0.0,0.0,0.0
1354,0.0,0.0,0.0,0.0
1355,0.0,0.0,0.0,0.0
1356,0.0,0.0,0.0,0.0
1357,0.0,0.0,0.0,0.0
1358,0.0,0.0,0.0,0.0
1359,0.0,0.0,0.0,0.0
1360,0.0,0.0,0.0,0.0
1361,0.0,0.0,0.0,0.0
1362,0.0,0.0,0.0,0.0
1363,0.0,0.0,0.0,0.0
1364,0.0,0.0,0.0,0.0
1365,0.0,0.0,0.0,0.0
1366,0.0,0.0,0.0,0.0
1367,0.0,0.0,0.0,0.0
1368,0.0,0.0,0.0,0.0
1369,0.0,0.0,0.0,0.0
1370,0.0,0.0,0.0,0.0
1371,0.0,0.0,0.0,0.0
1372,0.0,0.0,0.0,0.0
1373,0.0,0.0,0.0,0.0
1374,0.0,0.0,0.0,0.0
1375,0.0,0.0,0.0,0.0
1376,0.0,0.0,0.0,0.0
1377,0.0,0.0,0.0,0.0
1378,0.0,0.0,0.0,0.0
1379,0.0,0.0,0.0,0.0
1380,0.0,0.0,0.0,0.0
1381,0.0,0.0,0.0,0.0
1382,0.0,0.0,0.0,0.0
1383,0.0,0.0,0.0,0.0
1384,0.0,0.0,0.0,0.0
1385,0.0,0.0,0.0,0.0
1386,0.0,0.0,0.0,0.0
1387,0.0,0.0,0.0,0.0
1388,0.0,0.0,0.0,0.0
1389,0.0,0.0,0.0,0.0
1390,0.0,0.0,0.0,0.0
1391,0.0,0.0,0.0,0.0
1392,0.0,0.0,0.0,0.0
1393,0.0,0.0,0.0,0.0
1394,0.0,0.0,0.0,0.0
1395,0.0,0.0,0.0,0.0
1396,0.0,0.0,0.0,0.0
1397,0.0,0.0,0.0,0.0
1398,0.0,0.0,0.0,0.0
1399,0.0,0.0,0.0,0.0
1400,0.0,0.0,0.0,0.0
1401,0.0,0.0,0.0,0.0
1402,0.0,0.0,0.0,0.0
1403,0.0,0.0,0.0,0.0
1404,0.0,0.0,0.0,0.0
1405,0.0,0.0,0.0,0.0
1406,0.0,0.0,0.0,0.0
1407,0.0,0.0,0.0,0.0
1408,0.0,0.0,0.0,0.0
1409,0.0,0.0,0.0,0.0
1410,0.0,0.0,0.0,0.0
1411,0.0,0.0,0.0,0.0
1412,0.0,0.0,0.0,0.0
1413,0.0,0.0,0.0,0.0
1414,0.0,0.0,0.0,0.0
1415,0.0,0.0,0.0,0.0
1416,0.0,0.0,0.0,0.0
1417,0.0,0.0,0.0,0.0
1418,0.0,0.0,0.0,0.0
1419,0.0,0.0,0.0,0.0
1420,0.0,0.0,0.0,0.0
1421,0.0,0.0,0.0,0.0
1422,0.0,0.0,0.0,0.0
1423,0.0,0.0,0.0,0.0
1424,0.0,0.0,0.0,0.0
1425,0.0,0.0,0.0,0.0
1426,0.0,0.0,0.0,0.0
1427,0.0,0.0,0.0,0.0
1428,0.0,0.0,0.0,0.0
1429,0.0,0.0,0.0,0.0
1430,0.0,0.0,0.0,0.0
1431,0.0,0.0,0.0,0.0
1432,0.0,0.0,0.0,0.0
1433,0.0,0.0,0.0,0.0
1434,0.0,0.0,0.0,0.0
1435,0.0,0.0,0.0,0.0
1436,0.0,0.0,0.0,0.0
1437,0.0,0.0,0.0,0.0
1438,0.0,0.0,0.0,0.0
1439,0.0,0.0,0.0,0.0
1440,0.0,0.0,0.0,0.0
1441,0.0,0.0,0.0,0.0
1442,0.0,0.0,0.0,0.0
1443,0.0,0.0,0.0,0.0
1444,0.0,0.0,0.0,0.0
1445,0.0,0.0,0.0,0.0
1446,0.0,0.0,0.0,0.0
1447,0.0,0.0,0.0,0.0
1448,0.0,0.0,0.0,0.0
1449,0.0,0.0,0.0,0.0
1450,0.0,0.0,0.0,0.0
1451,0.0,0.0,0.0,0.0
1452,0.0,0.0,0.0,0.0
1453,0.0,0.0,0.0,0.0
1454,0.0,0.0,0.0,0.0
1455,0.0,0.0,0.0,0.0
1456,0.0,0.0,0.0,0.0
1457,0.0,0.0,0.0,0.0
1458,0.0,0.0,0.0,0.0
1459,0.0,0.0,0.0,0.0
1460,0.0,0.0,0.0,0.0
1461,0.0,0.0,0.0,0.0
1462,0.0,0.0,0.0,0.0
1463,0.0,0.0,0.0,0.0
1464,0.0,0.0,0.0,0.0
1465,0.0,0.0,0.0,0.0
1466,0.0,0.0,0.0,0.0
1467,0.0,0.0,0.0,0.0
1468,0.0,0.0,0.0,0.0
1469,0.0,0.0,0.0,0.0
1470,0.0,0.0,0.0,0.0
1471,0.0,0.0,0.0,0.0
1472,0.0,0.0,0.0,0.0
1473,0.0,0.0,0.0,0.0
1474,0.0,0.0,0.0,0.0
1475,0.0,0.0,0.0,0.0
1476,0.0,0.0,0.0,0.0
1477,0.0,0.0,0.0,0.0
1478,0.0,0.0,0.0,0.0
1479,0.0,0.0,0.0,0.0
1480,0.0,0.0,0.0,0.0
1481,0.0,0.0,0.0,0.0
1482,0.0,0.0,0.0,0.0
1483,0.0,0.0,0.0,0.0
1484,0.0,0.0,0.0,0.0
1485,0.0,0.0,0.0,0.0
1486,0.0,0.0,0.0,0.0
1487,0.0,0.0,0.0,0.0
1488,0.0,0.0,0.0,0.0
1489,0.0,0.0,0.0,0.0
1490,0.0,0.0,0.0,0.0
1491,0.0,0.0,0.0,0.0
1492,0.0,0.0,0.0,0.0
1493,0.0,0.0,0.0,0.0
1494,0.0,0.0,0.0,0.0
1495,0.0,0.0,0.0,0.0
1496,0.0,0.0,0.0,0.0
1497,0.0,0.0,0.0,0.0
1498,0.0,0.0,0.0,0.0
1499,0.0,0.0,0.0,0.0
1500,0.0,0.0,0.0,0.0
1501,0.0,0.0,0.0,0.0
1502,0.0,0.0,0.0,0.0
1503,0.0,0.0,0.0,0.0
1504,0.0,0.0,0.0,0.0
1505,0.0,0.0,0.0,0.0
1506,0.0,0.0,0.0,0.0
1507,0.0,0.0,0.0,0.0
1508,0.0,0.0,0.0,0.0
1509,0.0,0.0,0.0,0.0
1510,0.0,0.0,0.0,0.0
1511,0.0,0.0,0.0,0.0
1512,0.0,0.0,0.0,0.0
1513,0.0,0.0,0.0,0.0
1514,0.0,0.0,0.0,0.0
1515,0.0,0.0,0.0,0.0
1516,0.0,0.0,0.0,0.0
1517,0.0,0.0,0.0,0.0
1518,0.0,0.0,0.0,0.0
1519,0.0,0.0,0.0,0.0
1520,0.0,0.0,0.0,0.0
1521,0.0,0.0,0.0,0.0
1522,0.0,0.0,0.0,0.0
1523,0.0,0.0,0.0,0.0
1524,0.0,0.0,0.0,0.0
1525,0.0,0.0,0.0,0.0
1526,0.0,0.0,0.0,0.0
1527,0.0,0.0,0.0,0.0
1528,0.0,0.0,0.0,0.0
1529,0.0,0.0,0.0,0.0
1530,0.0,0.0,0.0,0.0
1531,0.0,0.0,0.0,0.0
1532,0.0,0.0,0.0,0.0
1533,0.0,0.0,0.0,0.0
1534,0.0,0.0,0.0,0.0
1535,0.0,0.0,0.0,0.0
1536,0.0,0.0,0.0,0.0
1537,0.0,0.0,0.0,0.0
1538,0.0,0.0,0.0,0.0
1539,0.0,0.0,0.0,0.0
1540,0.0,0.0,0.0,0.0
1541,0.0,0.0,0.0,0.0
1542,0.0,0.0,0.0,0.0
1543,0.0,0.0,0.0,0.0
1544,0.0,0.0,0.0,0.0
1545,0.0,0.0,0.0,0.0
1546,0.0,0.0,0.0,0.0
1547,0.0,0.0,0.0,0.0
1548,0.0,0.0,0.0,0.0
1549,0.0,0.0,0.0,0.0
1550,0.0,0.0,0.0,0.0
1551,0.0,0.0,0.0,0.0
1552,0.0,0.0,0.0,0.0
1553,0.0,0.0,0.0,0.0
1554,0.0,0.0,0.0,0.0
1555,0.0,0.0,0.0,0.0
1556,0.0,0.0,0.0,0.0
1557,0.0,0.0,0.0,0.0
1558,0.0,0.0,0.0,0.0
1559,0.0,0.0,0.0,0.0
1560,0.0,0.0,0.0,0.0
1561,0.0,0.0,0.0,0.0
1562,0.0,0.0,0.0,0.0
1563,0.0,0.0,0.0,0.0
1564,0.0,0.0,0.0,0.0
1565,0.0,0.0,0.0,0.0
1566,0.0,0.0,0.0,0.0
1567,0.0,0.0,0.0,0.0
1568,0.0,0.0,0.0,0.0
1569,0.0,0.0,0.0,0.0
1570,0.0,0.0,0.0,0.0
1571,0.0,0.0,0.0,0.0
1572,0.0,0.0,0.0,0.0
1573,0.0,0.0,0.0,0.0
1574,0.0,0.0,0.0,0.0
1575,0.0,0.0,0.0,0.0
1576,0.0,0.0,0.0,0.0
1577,0.0,0.0,0.0,0.0
1578,0.0,0.0,0.0,0.0
1579,0.0,0.0,0.0,0.0
1580,0.0,0.0,0.0,0.0
1581,0.0,0.0,0.0,0.0
1582,0.0,0.0,0.0,0.0
1583,0.0,0.0,0.0,0.0
1584,0.0,0.0,0.0,0.0
1585,0.0,0.0,0.0,0.0
1586,0.0,0.0,0.0,0.0
1587,0.0,0.0,0.0,0.0
1588,0.0,0.0,0.0,0.0
1589,0.0,0.0,0.0,0.0
1590,0.0,0.0,0.0,0.0
1591,0.0,0.0,0.0,0.0
1592,0.0,0.0,0.0,0.0
1593,0.0,0.0,0.0,0.0
1594,0.0,0.0,0.0,0.0
1595,0.0,0.0,0.0,0.0
1596,0.0,0.0,0.0,0.0
1597,0.0,0.0,0.0,0.0
1598,0.0,0.0,0.0,0.0
1599,0.0,0.0,0.0,0.0
1600,0.0,0.0,0.0,0.0
1601,0.0,0.0,0.0,0.0
1602,0.0,0.0,0.0,0.0
1603,0.0,0.0,0.0,0.0
1604,0.0,0.0,0.0,0.0
1605,0.0,0.0,0.0,0.0
1606,0.0,0.0,0.0,0.0
1607,0.0,0.0,0.0,0.0
1608,0.0,0.0,0.0,0.0
1609,0.0,0.0,0.0,0.0
1610,0.0,0.0,0.0,0.0
1611,0.0,0.0,0.0,0.0
1612,0.0,0.0,0.0,0.0
1613,0.0,0.0,0.0,0.0
1614,0.0,0.0,0.0,0.0
1615,0.0,0.0,0.0,0.0
1616,0.0,0.0,0.0,0.0
1617,0.0,0.0,0.0,0.0
1618,0.0,0.0,0.0,0.0
1619,0.0,0.0,0.0,0.0
1620,0.0,0.0,0.0,0.0
1621,0.0,0.0,0.0,0.0
1622,0.0,0.0,0.0,0.0
1623,0.0,0.0,0.0,0.0
1624,0.0,0.0,0.0,0.0
1625,0.0,0.0,0.0,0.0
1626,0.0,0.0,0.0,0.0
1627,0.0,0.0,0.0,0.0
1628,0.0,0.0,0.0,0.0
1629,0.0,0.0,0.0,0.0
1630,0.0,0.0,0.0,0.0
1631,0.0,0.0,0.0,0.0
1632,0.0,0.0,0.0,0.0
1633,0.0,0.0,0.0,0.0
1634,0.0,0.0,0.0,0.0
1635,0.0,0.0,0.0,0.0
1636,0.0,0.0,0.0,0.0
1637,0.0,0.0,0.0,0.0
1638,0.0,0.0,0.0,0.0
1639,0.0,0.0,0.0,0.0
1640,0.0,0.0,0.0,0.0
1641,0.0,0.0,0.0,0.0
1642,0.0,0.0,0.0,0.0
1643,0.0,0.0,0.0,0.0
1644,0.0,0.0,0.0,0.0
1645,0.0,0.0,0.0,0.0
1646,0.0,0.0,0.0,0.0
1647,0.0,0.0,0.0,0.0
1648,0.0,0.0,0.0,0.0
1649,0.0,0.0,0.0,0.0
1650,0.0,0.0,0.0,0.0
1651,0.0,0.0,0.0,0.0
1652,0.0,0.0,0.0,0.0
1653,0.0,0.0,0.0,0.0
1654,0.0,0.0,0.0,0.0
1655,0.0,0.0,0.0,0.0
1656,0.0,0.0,0.0,0.0
1657,0.0,0.0,0.0,0.0
1658,0.0,0.0,0.0,0.0
1659,0.0,0.0,0.0,0.0
1660,0.0,0.0,0.0,0.0
1661,0.0,0.0,0.0,0.0
1662,0.0,0.0,0.0,0.0
1663,0.0,0.0,0.0,0.0
1664,0.0,0.0,0.0,0.0
1665,0.0,0.0,0.0,0.0
1666,0.0,0.0,0.0,0.0
1667,0.0,0.0,0.0,0.0
1668,0.0,0.0,0.0,0.0
1669,0.0,0.0,0.0,0.0
1670,0.0,0.0,0.0,0.0
1671,0.0,0.0,0.0,0.0
1672,0.0,0.0,0.0,0.0
1673,0.0,0.0,0.0,0.0
1674,0.0,0.0,0.0,0.0
1675,0.0,0.0,0.0,0.0
1676,0.0,0.0,0.0,0.0
1677,0.0,0.0,0.0,0.0
1678,0.0,0.0,0.0,0.0
1679,0.0,0.0,0.0,0.0
1680,0.0,0.0,0.0,0.0
1681,0.0,0.0,0.0,0.0
1682,0.0,0.0,0.0,0.0
1683,0.0,0.0,0.0,0.0
1684,0.0,0.0,0.0,0.0
1685,0.0,0.0,0.0,0.0
1686,0.0,0.0,0.0,0.0
1687,0.0,0.0,0.0,0.0
1688,0.0,0.0,0.0,0.0
1689,0.0,0.0,0.0,0.0
1690,0.0,0.0,0.0,0.0
1691,0.0,0.0,0.0,0.0
1692,0.0,0.0,0.0,0.0
1693,0.0,0.0,0.0,0.0
1694,0.0,0.0,0.0,0.0
1695,0.0,0.0,0.0,0.0
1696,0.0,0.0,0.0,0.0
1697,0.0,0.0,0.0,0.0
1698,0.0,0.0,0.0,0.0
1699,0.0,0.0,0.0,0.0
1700,0.0,0.0,0.0,0.0
1701,0.0,0.0,0.0,0.0
1702,0.0,0.0,0.0,0.0
1703,0.0,0.0,0.0,0.0
1704,0.0,0.0,0.0,0.0
1705,0.0,0.0,0.0,0.0
1706,0.0,0.0,0.0,0.0
1707,0.0,0.0,0.0,0.0
1708,0.0,0.0,0.0,0.0
1709,0.0,0.0,0.0,0.0
1710,0.0,0.0,0.0,0.0
1711,0.0,0.0,0.0,0.0
1712,0.0,0.0,0.0,0.0
1713,0.0,0.0,0.0,0.0
1714,0.0,0.0,0.0,0.0
1715,0.0,0.0,0.0,0.0
1716,0.0,0.0,0.0,0.0
1717,0.0,0.0,0.0,0.0
1718,0.0,0.0,0.0,0.0
1719,0.0,0.0,0.0,0.0
1720,0.0,0.0,0.0,0.0
1721,0.0,0.0,0.0,0.0
1722,0.0,0.0,0.0,0.0
1723,0.0,0.0,0.0,0.0
1724,0.0,0.0,0.0,0.0
1725,0.0,0.0,0.0,0.0
1726,0.0,0.0,0.0,0.0
1727,0.0,0.0,0.0,0.0
1728,0.0,0.0,0.0,0.0
1729,0.0,0.0,0.0,0.0
1730,0.0,0.0,0.0,0.0
1731,0.0,0.0,0.0,0.0
1732,0.0,0.0,0.0,0.0
1733,0.0,0.0,0.0,0.0
1734,0.0,0.0,0.0,0.0
1735,0.0,0.0,0.0,0.0
1736,0.0,0.0,0.0,0.0
1737,0.0,0.0,0.0,0.0
1738,0.0,0.0,0.0,0.0
1739,0.0,0.0,0.0,0.0
1740,0.0,0.0,0.0,0.0
1741,0.0,0.0,0.0,0.0
1742,0.0,0.0,0.0,0.0
1743,0.0,0.0,0.0,0.0
1744,0.0,0.0,0.0,0.0
1745,0.0,0.0,0.0,0.0
1746,0.0,0.0,0.0,0.0
1747,0.0,0.0,0.0,0.0
1748,0.0,0.0,0.0,0.0
1749,0.0,0.0,0.0,0.0
1750,0.0,0.0,0.0,0.0
1751,0.0,0.0,0.0,0.0
1752,0.0,0.0,0.0,0.0
1753,0.0,0.0,0.0,0.0
1754,0.0,0.0,0.0,0.0
1755,0.0,0.0,0.0,0.0
1756,0.0,0.0,0.0,0.0
1757,0.0,0.0,0.0,0.0
1758,0.0,0.0,0.0,0.0
1759,0.0,0.0,0.0,0.0
1760,0.0,0.0,0.0,0.0
1761,0.0,0.0,0.0,0.0
1762,0.0,0.0,0.0,0.0
1763,0.0,0.0,0.0,0.0
1764,0.0,0.0,0.0,0.0
1765,0.0,0.0,0.0,0.0
1766,0.0,0.0,0.0,0.0
1767,0.0,0.0,0.0,0.0
1768,0.0,0.0,0.0,0.0
1769,0.0,0.0,0.0,0.0
1770,0.0,0.0,0.0,0.0
1771,0.0,0.0,0.0,0.0
1772,0.0,0.0,0.0,0.0
1773,0.0,0.0,0.0,0.0
1774,0.0,0.0,0.0,0.0
1775,0.0,0.0,0.0,0.0
1776,0.0,0.0,0.0,0.0
1777,0.0,0.0,0.0,0.0
1778,0.0,0.0,0.0,0.0
1779,0.0,0.0,0.0,0.0
1780,0.0,0.0,0.0,0.0
1781,0.0,0.0,0.0,0.0
1782,0.0,0.0,0.0,0.0
1783,0.0,0.0,0.0,0.0
1784,0.0,0.0,0.0,0.0
1785,0.0,0.0,0.0,0.0
1786,0.0,0.0,0.0,0.0
1787,0.0,0.0,0.0,0.0
1788,0.0,0.0,0.0,0.0
1789,0.0,0.0,0.0,0.0
1790,0.0,0.0,0.0,0.0
1791,0.0,0.0,0.0,0.0
1792,0.0,0.0,0.0,0.0
1793,0.0,0.0,0.0,0.0
1794,0.0,0.0,0.0,0.0
1795,0.0,0.0,0.0,0.0
1796,0.0,0.0,0.0,0.0
1797,0.0,0.0,0.0,0.0
1798,0.0,0.0,0.0,0.0
1799,0.0,0.0,0.0,0.0
1800,0.0,0.0,0.0,0.0
1801,0.0,0.0,0.0,0.0
1802,0.0,0.0,0.0,0.0
1803,0.0,0.0,0.0,0.0
1804,0.0,0.0,0.0,0.0
1805,0.0,0.0,0.0,0.0
1806,0.0,0.0,0.0,0.0
1807,0.0,0.0,0.0,0.0
1808,0.0,0.0,0.0,0.0
1809,0.0,0.0,0.0,0.0
1810,0.0,0.0,0.0,0.0
1811,0.0,0.0,0.0,0.0
1812,0.0,0.0,0.0,0.0
1813,0.0,0.0,0.0,0.0
1814,0.0,0.0,0.0,0.0
1815,0.0,0.0,0.0,0.0
1816,0.0,0.0,0.0,0.0
1817,0.0,0.0,0.0,0.0
1818,0.0,0.0,0.0,0.0
1819,0.0,0.0,0.0,0.0
1820,0.0,0.0,0.0,0.0
1821,0.0,0.0,0.0,0.0
1822,0.0,0.0,0.0,0.0
1823,0.0,0.0,0.0,0.0
1824,0.0,0.0,0.0,0.0
1825,0.0,0.0,0.0,0.0
1826,0.0,0.0,0.0,0.0
1827,0.0,0.0,0.0,0.0
1828,0.0,0.0,0.0,0.0
1829,0.0,0.0,0.0,0.0
1830,0.0,0.0,0.0,0.0
1831,0.0,0.0,0.0,0.0
1832,0.0,0.0,0.0,0.0
1833,0.0,0.0,0.0,0.0
1834,0.0,0.0,0.0,0.0
1835,0.0,0.0,0.0,0.0
1836,0.0,0.0,0.0,0.0
1837,0.0,0.0,0.0,0.0
1838,0.0,0.0,0.0,0.0
1839,0.0,0.0,0.0,0.0
1840,0.0,0.0,0.0,0.0
1841,0.0,0.0,0.0,0.0
1842,0.0,0.0,0.0,0.0
1843,0.0,0.0,0.0,0.0
1844,0.0,0.0,0.0,0.0
1845,0.0,0.0,0.0,0.0
1846,0.0,0.0,0.0,0.0
1847,0.0,0.0,0.0,0.0
1848,0.0,0.0,0.0,0.0
1849,0.0,0.0,0.0,0.0
1850,0.0,0.0,0.0,0.0
1851,0.0,0.0,0.0,0.0
1852,0.0,0.0,0.0,0.0
1853,0.0,0.0,0.0,0.0
1854,0.0,0.0,0.0,0.0
1855,0.0,0.0,0.0,0.0
1856,0.0,0.0,0.0,0.0
1857,0.0,0.0,0.0,0.0
1858,0.0,0.0,0.0,0.0
1859,0.0,0.0,0.0,0.0
1860,0.0,0.0,0.0,0.0
1861,0.0,0.0,0.0,0.0
1862,0.0,0.0,0.0,0.0
1863,0.0,0.0,0.0,0.0
1864,0.0,0.0,0.0,0.0
1865,0.0,0.0,0.0,0.0
1866,0.0,0.0,0.0,0.0
1867,0.0,0.0,0.0,0.0
1868,0.0,0.0,0.0,0.0
1869,0.0,0.0,0.0,0.0
1870,0.0,0.0,0.0,0.0
1871,0.0,0.0,0.0,0.0
1872,0.0,0.0,0.0,0.0
1873,0.0,0.0,0.0,0.0
1874,0.0,0.0,0.0,0.0
1875,0.0,0.0,0.0,0.0
1876,0.0,0.0,0.0,0.0
1877,0.0,0.0,0.0,0.0
1878,0.0,0.0,0.0,0.0
1879,0.0,0.0,0.0,0.0
1880,0.0,0.0,0.0,0.0
1881,0.0,0.0,0.0,0.0
1882,0.0,0.0,0.0,0.0
1883,0.0,0.0,0.0,0.0
1884,0.0,0.0,0.0,0.0
1885,0.0,0.0,0.0,0.0
1886,0.0,0.0,0.0,0.0
1887,0.0,0.0,0.0,0.0
1888,0.0,0.0,0.0,0.0
1889,0.0,0.0,0.0,0.0
1890,0.0,0.0,0.0,0.0
1891,0.0,0.0,0.0,0.0
1892,0.0,0.0,0.0,0.0
1893,0.0,0.0,0.0,0.0
1894,0.0,0.0,0.0,0.0
1895,0.0,0.0,0.0,0.0
1896,0.0,0.0,0.0,0.0
1897,0.0,0.0,0.0,0.0
1898,0.0,0.0,0.0,0.0
1899,0.0,0.0,0.0,0.0
1900,0.0,0.0,0.0,0.0
1901,0.0,0.0,0.0,0.0
1902,0.0,0.0,0.0,0.0
1903,0.0,0.0,0.0,0.0
1904,0.0,0.0,0.0,0.0
1905,0.0,0.0,0.0,0.0
1906,0.0,0.0,0.0,0.0
1907,0.0,0.0,0.0,0.0
1908,0.0,0.0,0.0,0.0
1909,0.0,0.0,0.0,0.0
1910,0.0,0.0,0.0,0.0
1911,0.0,0.0,0.0,0.0
1912,0.0,0.0,0.0,0.0
1913,0.0,0.0,0.0,0.0
1914,0.0,0.0,0.0,0.0
1915,0.0,0.0,0.0,0.0
1916,0.0,0.0,0.0,0.0
1917,0.0,0.0,0.0,0.0
1918,0.0,0.0,0.0,0.0
1919,0.0,0.0,0.0,0.0
1920,0.0,0.0,0.0,0.0
1921,0.0,0.0,0.0,0.0
1922,0.0,0.0,0.0,0.0
1923,0.0,0.0,0.0,0.0
1924,0.0,0.0,0.0,0.0
1925,0.0,0.0,0.0,0.0
1926,0.0,0.0,0.0,0.0
1927,0.0,0.0,0.0,0.0
1928,0.0,0.0,0.0,0.0
1929,0.0,0.0,0.0,0.0
1930,0.0,0.0,0.0,0.0
1931,0.0,0.0,0.0,0.0
1932,0.0,0.0,0.0,0.0
1933,0.0,0.0,0.0,0.0
1934,0.0,0.0,0.0,0.0
1935,0.0,0.0,0.0,0.0
1936,0.0,0.0,0.0,0.0
1937,0.0,0.0,0.0,0.0
1938,0.0,0.0,0.0,0.0
1939,0.0,0.0,0.0,0.0
1940,0.0,0.0,0.0,0.0
1941,0.0,0.0,0.0,0.0
1942,0.0,0.0,0.0,0.0
1943,0.0,0.0,0.0,0.0
1944,0.0,0.0,0.0,0.0
1945,0.0,0.0,0.0,0.0
1946,0.0,0.0,0.0,0.0
1947,0.0,0.0,0.0,0.0
1948,0.0,0.0,0.0,0.0
1949,0.0,0.0,0.0,0.0
1950,0.0,0.0,0.0,0.0
1951,0.0,0.0,0.0,0.0
1952,0.0,0.0,0.0,0.0
1953,0.0,0.0,0.0,0.0
1954,0.0,0.0,0.0,0.0
1955,0.0,0.0,0.0,0.0
1956,0.0,0.0,0.0,0.0
1957,0.0,0.0,0.0,0.0
1958,0.0,0.0,0.0,0.0
1959,0.0,0.0,0.0,0.0
1960,0.0,0.0,0.0,0.0
1961,0.0,0.0,0.0,0.0
1962,0.0,0.0,0.0,0.0
1963,0.0,0.0,0.0,0.0
1964,0.0,0.0,0.0,0.0
1965,0.0,0.0,0.0,0.0
1966,0.0,0.0,0.0,0.0
1967,0.0,0.0,0.0,0.0
1968,0.0,0.0,0.0,0.0
1969,0.0,0.0,0.0,0.0
1970,0.0,0.0,0.0,0.0
1971,0.0,0.0,0.0,0.0
1972,0.0,0.0,0.0,0.0
1973,0.0,0.0,0.0,0.0
1974,0.0,0.0,0.0,0.0
1975,0.0,0.0,0.0,0.0
1976,0.0,0.0,0.0,0.0
1977,0.0,0.0,0.0,0.0
1978,0.0,0.0,0.0,0.0
1979,0.0,0.0,0.0,0.0
1980,0.0,0.0,0.0,0.0
1981,0.0,0.0,0.0,0.0
1982,0.0,0.0,0.0,0.0
1983,0.0,0.0,0.0,0.0
1984,0.0,0.0,0.0,0.0
1985,0.0,0.0,0.0,0.0
1986,0.0,0.0,0.0,0.0
1987,0.0,0.0,0.0,0.0
1988,0.0,0.0,0.0,0.0
1989,0.0,0.0,0.0,0.0
1990,0.0,0.0,0.0,0.0
1991,0.0,0.0,0.0,0.0
1992,0.0,0.0,0.0,0.0
1993,0.0,0.0,0.0,0.0
1994,0.0,0.0,0.0,0.0
1995,0.0,0.0,0.0,0.0
1996,0.0,0.0,0.0,0.0
1997,0.0,0.0,0.0,0.0
1998,0.0,0.0,0.0,0.0
1999,0.0,0.0,0.0,0.0
