iteration,MSE_trg,MSE_val,MSE_tst,acc_trg,acc_val,acc_tst,f1_trg,f1_val,f1_tst,elapsed
0,0.0568513300672,0.0501692427087,0.0582853680197,0.869521912351,0.883040935673,0.837944664032,0.93020777837,0.937888198758,0.911827956989,0.00880385899995
10,0.0586852511582,0.0519126256716,0.0598202726791,0.864541832669,0.880116959064,0.833992094862,0.92735042735,0.936236391913,0.909482758621,0.0970139789999
20,0.0672456411418,0.0598303906262,0.0686804581005,0.817729083665,0.845029239766,0.810276679842,0.899726027397,0.916006339144,0.89519650655,0.18483558
30,0.0698778105071,0.0622023887787,0.0713507217755,0.807768924303,0.845029239766,0.806324110672,0.893663911846,0.916006339144,0.892778993435,0.27266648
40,0.0651506281485,0.0580199091538,0.0660251744953,0.819721115538,0.842105263158,0.806324110672,0.900930487137,0.914285714286,0.892778993435,0.360759818
50,0.0665381933316,0.0596389701696,0.0683409182277,0.814741035857,0.850877192982,0.798418972332,0.897914379802,0.919431279621,0.887912087912,0.463547573
60,0.0671970961614,0.0607579043172,0.0704600529556,0.817729083665,0.847953216374,0.794466403162,0.899726027397,0.917721518987,0.885462555066,0.566844907
70,0.0672753249994,0.0603774084906,0.0698938907764,0.815737051793,0.850877192982,0.794466403162,0.898518924849,0.919431279621,0.885462555066,0.66969479
80,0.0609943053973,0.0536328211321,0.0645633322559,0.839641434263,0.880116959064,0.806324110672,0.912831618841,0.936236391913,0.892778993435,0.77249041
90,0.0497334514748,0.0433512021946,0.0530512022638,0.884462151394,0.921052631579,0.861660079051,0.938689217759,0.958904109589,0.925690021231,0.87558965
100,0.044644674921,0.0391635506197,0.0472881287357,0.899402390438,0.932748538012,0.869565217391,0.947037231253,0.965204236006,0.93023255814,0.978334228
110,0.0349310168247,0.0263013873582,0.0362521906772,0.931274900398,0.961988304094,0.913043478261,0.964414646725,0.980625931446,0.954545454545,1.081121688
120,0.0340602920894,0.0265801858015,0.0350429538081,0.933266932271,0.970760233918,0.940711462451,0.965481710459,0.985163204748,0.969450101833,1.184111488
130,0.0350303511422,0.0270238449334,0.0363669170961,0.92828685259,0.973684210526,0.913043478261,0.962809917355,0.986666666667,0.954545454545,1.286894143
140,0.0303835679786,0.0235477401669,0.0308525638403,0.946215139442,0.979532163743,0.96442687747,0.972364380757,0.989660265879,0.981891348089,1.389693157
150,0.0295796812349,0.0229557135863,0.0301915254429,0.947211155378,0.979532163743,0.96442687747,0.972890025575,0.989660265879,0.981891348089,1.492512768
160,0.0233786224377,0.0175756608989,0.0229292805929,0.962151394422,0.985380116959,0.98023715415,0.980710659898,0.99263622975,0.99001996008,1.595308193
170,0.0229246688684,0.0172220755386,0.0226310309281,0.965139442231,0.985380116959,0.98023715415,0.982260516979,0.99263622975,0.99001996008,1.698323547
180,0.0181946073499,0.0132187760226,0.0181687309798,0.979083665339,0.991228070175,0.98418972332,0.989431303473,0.995594713656,0.99203187251,1.801099454
190,0.0181675196212,0.0131800014288,0.0181229801751,0.979083665339,0.991228070175,0.98418972332,0.989431303473,0.995594713656,0.99203187251,1.906718066
200,0.0171685159905,0.0123705594008,0.0173741291056,0.980079681275,0.994152046784,0.98814229249,0.989939637827,0.99706744868,0.994035785288,2.011634083
210,0.0151769134492,0.0112069731725,0.0152814497098,0.982071713147,0.994152046784,0.99209486166,0.990954773869,0.99706744868,0.996031746032,2.116529283
220,0.013951058335,0.0103594362049,0.014157547239,0.985059760956,0.997076023392,0.99604743083,0.992473657802,0.998535871157,0.99801980198,2.22147775
230,0.0135742665851,0.0100566210005,0.0138593934038,0.986055776892,1.0,0.99604743083,0.99297893681,1.0,0.99801980198,2.326367609
240,0.0141062657411,0.0104715474061,0.014841466484,0.98406374502,1.0,0.99209486166,0.991967871486,1.0,0.996031746032,2.431273616
250,0.0121194613151,0.00915269479839,0.0123759606546,0.990039840637,1.0,0.99604743083,0.994994994995,1.0,0.99801980198,2.536138521
260,0.00974281856523,0.00743064301428,0.0097624768184,0.99203187251,1.0,0.99604743083,0.996,1.0,0.99801980198,2.641050335
270,0.00884509077331,0.00682369300064,0.00905879184358,0.993027888446,1.0,0.99604743083,0.996501749125,1.0,0.99801980198,2.746152976
280,0.00656121063344,0.00493945570141,0.0068129534228,0.995019920319,1.0,0.99604743083,0.997503744383,1.0,0.99801980198,2.851066314
290,0.00564772128335,0.00435281487697,0.00604630437001,0.997011952191,1.0,0.99604743083,0.998503740648,1.0,0.99801980198,2.956185923
300,0.00549950570165,0.00425721802615,0.00597363240804,0.999003984064,1.0,0.99604743083,0.999501743896,1.0,0.99801980198,3.06110893
310,0.00529370946523,0.00404226740808,0.00576901967166,0.999003984064,1.0,0.99604743083,0.999501743896,1.0,0.99801980198,3.165993909
320,0.00502086690788,0.00376467527293,0.00542139801526,0.999003984064,1.0,0.99604743083,0.999501743896,1.0,0.99801980198,3.271152726
330,0.00476832921449,0.00355142211262,0.00516931434789,0.999003984064,1.0,0.99604743083,0.999501743896,1.0,0.99801980198,3.376035051
340,0.00460781334928,0.00342067811494,0.00508362796403,0.999003984064,1.0,0.99604743083,0.999501743896,1.0,0.99801980198,3.480929573
350,0.0035651182387,0.00275386905005,0.00395532351541,1.0,1.0,1.0,1.0,1.0,1.0,3.585929364
360,0.00283498922819,0.00219749374354,0.00315566343713,1.0,1.0,1.0,1.0,1.0,1.0,3.690858046
370,0.0027738676925,0.00213632647565,0.00300405716906,1.0,1.0,1.0,1.0,1.0,1.0,3.79573105
380,0.00215946401278,0.00167001571962,0.00243296237965,1.0,1.0,1.0,1.0,1.0,1.0,3.900630322
390,0.00172031361435,0.0015150829369,0.00183535795975,1.0,1.0,1.0,1.0,1.0,1.0,4.00553847
400,0.00125438921703,0.00103477861796,0.00146757641715,1.0,1.0,1.0,1.0,1.0,1.0,4.110678998
410,0.00110706899645,0.000938207983837,0.00132323884384,1.0,1.0,1.0,1.0,1.0,1.0,4.215516605
420,0.00114374904392,0.00096950080087,0.00139386966358,1.0,1.0,1.0,1.0,1.0,1.0,4.320577837
430,0.000976446637969,0.000825671372919,0.00116867090136,1.0,1.0,1.0,1.0,1.0,1.0,4.425398976
440,0.000876833700891,0.000769642781609,0.00108737454163,1.0,1.0,1.0,1.0,1.0,1.0,4.530274594
450,0.000878733062149,0.000759239423406,0.00111319873212,1.0,1.0,1.0,1.0,1.0,1.0,4.635239601
460,0.000893398068007,0.000798873392146,0.00111593932653,1.0,1.0,1.0,1.0,1.0,1.0,4.740099156
470,0.000631608940022,0.000559176200206,0.000807463053249,1.0,1.0,1.0,1.0,1.0,1.0,4.845210021
480,0.0005803852451,0.000527135662408,0.00076340089004,1.0,1.0,1.0,1.0,1.0,1.0,4.95001725
490,0.00055999694485,0.000506411596581,0.000746161503959,1.0,1.0,1.0,1.0,1.0,1.0,5.053616916
500,0.000499280612775,0.000439512039851,0.000647304150827,1.0,1.0,1.0,1.0,1.0,1.0,5.157397911
510,0.000464876451023,0.000419297395265,0.000616866582821,1.0,1.0,1.0,1.0,1.0,1.0,5.260944874
520,0.000383509449878,0.000353097763449,0.000525637236863,1.0,1.0,1.0,1.0,1.0,1.0,5.364598091
530,0.000385622316046,0.00034955511081,0.000511032770579,1.0,1.0,1.0,1.0,1.0,1.0,5.468272726
540,0.000367660483777,0.000338470579097,0.000493457817093,1.0,1.0,1.0,1.0,1.0,1.0,5.571808379
550,0.000352418849039,0.000318640226117,0.000467516667054,1.0,1.0,1.0,1.0,1.0,1.0,5.675655925
560,0.000315829354739,0.000277490637135,0.000377255879562,1.0,1.0,1.0,1.0,1.0,1.0,5.779268317
570,0.000284778722663,0.000240837863163,0.000332394046204,1.0,1.0,1.0,1.0,1.0,1.0,5.882871529
580,0.000283611883104,0.000234904706931,0.000327741083759,1.0,1.0,1.0,1.0,1.0,1.0,5.986585339
590,0.000102669871931,9.13305977964e-05,0.000123893953356,1.0,1.0,1.0,1.0,1.0,1.0,6.090186901
600,0.0001049508282,9.2192390102e-05,0.000132496516883,1.0,1.0,1.0,1.0,1.0,1.0,6.193737598
610,8.83810869699e-05,7.95143024184e-05,0.000106308600416,1.0,1.0,1.0,1.0,1.0,1.0,6.297409767
620,6.89218633376e-05,6.20227942069e-05,8.38887637221e-05,1.0,1.0,1.0,1.0,1.0,1.0,6.400965368
630,6.59434875707e-05,6.08107220841e-05,8.19155812671e-05,1.0,1.0,1.0,1.0,1.0,1.0,6.504899001
640,5.90312427086e-05,5.75272988503e-05,7.25207370304e-05,1.0,1.0,1.0,1.0,1.0,1.0,6.60903808
650,5.29578243524e-05,5.33022563046e-05,6.47290142815e-05,1.0,1.0,1.0,1.0,1.0,1.0,6.713201951
660,4.37932833855e-05,4.67404275837e-05,5.28897246396e-05,1.0,1.0,1.0,1.0,1.0,1.0,6.817267646
670,4.08059329265e-05,4.33938060611e-05,4.96302959556e-05,1.0,1.0,1.0,1.0,1.0,1.0,6.921582258
680,4.88188971606e-05,5.31509521982e-05,6.32410091161e-05,1.0,1.0,1.0,1.0,1.0,1.0,7.025787091
690,3.6415744831e-05,3.76986360341e-05,4.39955898096e-05,1.0,1.0,1.0,1.0,1.0,1.0,7.129901852
700,3.18597530722e-05,3.41300924267e-05,3.88454066289e-05,1.0,1.0,1.0,1.0,1.0,1.0,7.23399194
710,2.93196484824e-05,3.03809414121e-05,3.8914660745e-05,1.0,1.0,1.0,1.0,1.0,1.0,7.338082099
720,2.4998743668e-05,2.34158015307e-05,3.16847211431e-05,1.0,1.0,1.0,1.0,1.0,1.0,7.442163225
730,2.39993592422e-05,2.32705057624e-05,3.03273619476e-05,1.0,1.0,1.0,1.0,1.0,1.0,7.54644715
740,2.149263591e-05,2.09894812734e-05,2.55129151534e-05,1.0,1.0,1.0,1.0,1.0,1.0,7.65055843
750,1.50927686087e-05,1.48484023804e-05,1.7975352296e-05,1.0,1.0,1.0,1.0,1.0,1.0,7.754643268
760,1.43977055536e-05,1.46811674756e-05,1.68458051999e-05,1.0,1.0,1.0,1.0,1.0,1.0,7.858834553
770,1.29297621222e-05,1.3812148186e-05,1.57285733209e-05,1.0,1.0,1.0,1.0,1.0,1.0,7.962909197
780,1.2071264275e-05,1.31300780226e-05,1.50832160754e-05,1.0,1.0,1.0,1.0,1.0,1.0,8.068037393
790,1.03063268339e-05,1.14647079313e-05,1.24199586128e-05,1.0,1.0,1.0,1.0,1.0,1.0,8.172746174
800,7.25772583987e-06,7.07638409147e-06,8.39357986177e-06,1.0,1.0,1.0,1.0,1.0,1.0,8.281413207
810,6.69304196953e-06,7.24045177649e-06,7.26504232003e-06,1.0,1.0,1.0,1.0,1.0,1.0,8.390031917
820,6.03694467516e-06,6.43644039365e-06,6.7280893851e-06,1.0,1.0,1.0,1.0,1.0,1.0,8.498759415
830,5.18645109089e-06,5.21089695845e-06,5.71328678874e-06,1.0,1.0,1.0,1.0,1.0,1.0,8.607335571
840,5.32336769416e-06,5.91767801844e-06,5.87892914843e-06,1.0,1.0,1.0,1.0,1.0,1.0,8.716020489
850,4.58201275778e-06,4.95010224593e-06,4.92128734574e-06,1.0,1.0,1.0,1.0,1.0,1.0,8.824835041
860,2.93713858523e-06,3.19630887549e-06,3.79426653399e-06,1.0,1.0,1.0,1.0,1.0,1.0,8.933462218
870,2.52843453296e-06,2.8806114891e-06,3.32147020797e-06,1.0,1.0,1.0,1.0,1.0,1.0,9.042055091
880,2.53803369131e-06,2.84162735491e-06,3.33283515004e-06,1.0,1.0,1.0,1.0,1.0,1.0,9.150683716
890,2.24766738274e-06,2.59531659011e-06,2.93077352144e-06,1.0,1.0,1.0,1.0,1.0,1.0,9.259586711
900,2.21667774561e-06,2.58460998287e-06,2.8858031986e-06,1.0,1.0,1.0,1.0,1.0,1.0,9.36816914
910,1.95764993073e-06,2.43350494218e-06,2.25743813531e-06,1.0,1.0,1.0,1.0,1.0,1.0,9.476843549
920,1.84511543109e-06,2.31255233078e-06,2.18698175448e-06,1.0,1.0,1.0,1.0,1.0,1.0,9.585739663
930,1.81556822408e-06,2.355863912e-06,2.18901518774e-06,1.0,1.0,1.0,1.0,1.0,1.0,9.690499376
940,1.77885210966e-06,2.29841883485e-06,2.10272565889e-06,1.0,1.0,1.0,1.0,1.0,1.0,9.794838033
950,1.76105674506e-06,2.42388223688e-06,2.04691533339e-06,1.0,1.0,1.0,1.0,1.0,1.0,9.899335934
960,1.54116660952e-06,2.07887342384e-06,1.74303992974e-06,1.0,1.0,1.0,1.0,1.0,1.0,10.003680989
970,8.38917970354e-07,1.17243924321e-06,1.0816949049e-06,1.0,1.0,1.0,1.0,1.0,1.0,10.108058288
980,7.56938564723e-07,1.13200934179e-06,9.8694018827e-07,1.0,1.0,1.0,1.0,1.0,1.0,10.212518582
990,7.22330678118e-07,6.83362209451e-07,1.01126756817e-06,1.0,1.0,1.0,1.0,1.0,1.0,10.316913958
1000,5.62534687017e-07,5.22445283667e-07,7.95530181304e-07,1.0,1.0,1.0,1.0,1.0,1.0,10.421304332
1010,5.31432322361e-07,4.68498463628e-07,7.2518214048e-07,1.0,1.0,1.0,1.0,1.0,1.0,10.52598682
1020,4.84963368763e-07,4.03501725598e-07,6.26206606801e-07,1.0,1.0,1.0,1.0,1.0,1.0,10.630316951
1030,3.6943700852e-07,3.59753022805e-07,5.53858618454e-07,1.0,1.0,1.0,1.0,1.0,1.0,10.734801136
1040,3.28643337908e-07,3.19666750852e-07,4.79472802206e-07,1.0,1.0,1.0,1.0,1.0,1.0,10.839110776
1050,3.11841653004e-07,3.02816367135e-07,4.44546689814e-07,1.0,1.0,1.0,1.0,1.0,1.0,10.943454317
1060,2.79454977024e-07,2.90213962459e-07,4.05564520723e-07,1.0,1.0,1.0,1.0,1.0,1.0,11.047963888
1070,2.50931372693e-07,2.60096888215e-07,3.55800901673e-07,1.0,1.0,1.0,1.0,1.0,1.0,11.152703909
1080,2.475907469e-07,2.59204177757e-07,3.54273969764e-07,1.0,1.0,1.0,1.0,1.0,1.0,11.257883106
1090,1.90705074104e-07,2.06464208669e-07,2.54722541059e-07,1.0,1.0,1.0,1.0,1.0,1.0,11.362617891
1100,1.62705045738e-07,2.01930560819e-07,2.35732301915e-07,1.0,1.0,1.0,1.0,1.0,1.0,11.467349919
1110,1.03829201893e-07,1.54745877734e-07,1.67116209197e-07,1.0,1.0,1.0,1.0,1.0,1.0,11.572059454
1120,1.05324457748e-07,1.54399865174e-07,1.66749420492e-07,1.0,1.0,1.0,1.0,1.0,1.0,11.676764393
1130,9.38914726157e-08,1.57334242909e-07,1.47357938981e-07,1.0,1.0,1.0,1.0,1.0,1.0,11.781462377
1140,9.90019755107e-08,1.57935010952e-07,1.5544375386e-07,1.0,1.0,1.0,1.0,1.0,1.0,11.886411843
1150,6.77702433818e-08,1.19890474367e-07,1.08902522715e-07,1.0,1.0,1.0,1.0,1.0,1.0,11.991142117
1160,5.72084159924e-08,8.97799419109e-08,8.94609817166e-08,1.0,1.0,1.0,1.0,1.0,1.0,12.096228693
1170,5.35979266443e-08,8.65889402862e-08,8.68940192146e-08,1.0,1.0,1.0,1.0,1.0,1.0,12.200887088
1180,5.28819641333e-08,8.79534909211e-08,8.71425249068e-08,1.0,1.0,1.0,1.0,1.0,1.0,12.305752631
1190,5.11039780571e-08,8.04399342361e-08,8.26189400369e-08,1.0,1.0,1.0,1.0,1.0,1.0,12.410465015
1200,4.81499785148e-08,7.17842978188e-08,7.53285850413e-08,1.0,1.0,1.0,1.0,1.0,1.0,12.515269428
1210,3.68615840889e-08,3.75967104211e-08,2.45869096212e-08,1.0,1.0,1.0,1.0,1.0,1.0,12.619722983
1220,3.51285509132e-08,3.33636904376e-08,2.39335508435e-08,1.0,1.0,1.0,1.0,1.0,1.0,12.72403699
1230,3.51277393765e-08,3.29913884369e-08,2.33297797833e-08,1.0,1.0,1.0,1.0,1.0,1.0,12.828219219
1240,3.25856697591e-08,3.09074542696e-08,1.97697779732e-08,1.0,1.0,1.0,1.0,1.0,1.0,12.933000502
1250,2.84355570882e-08,2.47403432992e-08,1.44216820833e-08,1.0,1.0,1.0,1.0,1.0,1.0,13.037173016
1260,2.8108523316e-08,2.33996504646e-08,1.25671591734e-08,1.0,1.0,1.0,1.0,1.0,1.0,13.141455283
1270,2.67732783721e-08,2.2582845705e-08,1.16899353556e-08,1.0,1.0,1.0,1.0,1.0,1.0,13.245674827
1280,1.62025339349e-08,1.46927367777e-08,7.54624698537e-09,1.0,1.0,1.0,1.0,1.0,1.0,13.349864108
1290,1.0327533394e-08,9.57020004113e-09,4.75521999317e-09,1.0,1.0,1.0,1.0,1.0,1.0,13.454189754
1300,1.02970019455e-08,9.411867516e-09,4.73648372095e-09,1.0,1.0,1.0,1.0,1.0,1.0,13.558384322
1310,8.53404974166e-09,8.41861982801e-09,4.40896389448e-09,1.0,1.0,1.0,1.0,1.0,1.0,13.663152473
1320,8.23855580402e-09,7.64237218214e-09,3.61370493894e-09,1.0,1.0,1.0,1.0,1.0,1.0,13.767332634
1330,6.0610861393e-09,6.00164745324e-09,2.74496482963e-09,1.0,1.0,1.0,1.0,1.0,1.0,13.871494862
1340,4.83657666402e-09,3.7417554016e-09,1.73654641017e-09,1.0,1.0,1.0,1.0,1.0,1.0,13.975639619
1350,4.78878297274e-09,3.56444634946e-09,1.65206212736e-09,1.0,1.0,1.0,1.0,1.0,1.0,14.080031796
1360,5.06937112659e-09,3.79521254962e-09,1.87756784227e-09,1.0,1.0,1.0,1.0,1.0,1.0,14.184455529
1370,3.73325275919e-09,3.04864485263e-09,1.37786975492e-09,1.0,1.0,1.0,1.0,1.0,1.0,14.289056906
1380,1.96015293275e-09,1.51839980178e-09,6.88532394539e-10,1.0,1.0,1.0,1.0,1.0,1.0,14.393470956
1390,1.96047499178e-09,1.52390197359e-09,6.77305176599e-10,1.0,1.0,1.0,1.0,1.0,1.0,14.498459644
1400,1.57739999799e-09,1.23800094936e-09,5.90665747947e-10,1.0,1.0,1.0,1.0,1.0,1.0,14.602855785
1410,1.03811303299e-09,1.18215915214e-09,5.38620325397e-10,1.0,1.0,1.0,1.0,1.0,1.0,14.707366193
1420,6.15562747302e-10,9.63668777464e-10,4.56065398347e-10,1.0,1.0,1.0,1.0,1.0,1.0,14.811781289
1430,4.63795025394e-10,7.88454086905e-10,3.04066798304e-10,1.0,1.0,1.0,1.0,1.0,1.0,14.916194386
1440,4.01422351525e-10,6.64403921141e-10,2.58468186774e-10,1.0,1.0,1.0,1.0,1.0,1.0,15.020753318
1450,2.28452337934e-10,4.64098880548e-10,1.90630279436e-10,1.0,1.0,1.0,1.0,1.0,1.0,15.125135418
1460,1.87807127625e-10,4.50531314915e-10,1.62846332292e-10,1.0,1.0,1.0,1.0,1.0,1.0,15.229549779
1470,1.17742236354e-10,2.52006903811e-10,1.16912763308e-10,1.0,1.0,1.0,1.0,1.0,1.0,15.33452851
1480,1.040550079e-10,2.45475905046e-10,1.14783912653e-10,1.0,1.0,1.0,1.0,1.0,1.0,15.438921762
1490,8.87435642752e-11,2.22846527284e-10,1.11964975564e-10,1.0,1.0,1.0,1.0,1.0,1.0,15.543209361
1500,8.70352751941e-11,2.2031264412e-10,1.01697735483e-10,1.0,1.0,1.0,1.0,1.0,1.0,15.647360495
1510,6.42409454017e-11,1.73039278134e-10,5.8493369565e-11,1.0,1.0,1.0,1.0,1.0,1.0,15.751491216
1520,5.42795822477e-11,1.50450579633e-10,5.02380638213e-11,1.0,1.0,1.0,1.0,1.0,1.0,15.855697234
1530,3.85668214406e-11,1.2436208641e-10,3.61098550729e-11,1.0,1.0,1.0,1.0,1.0,1.0,15.959824723
1540,3.66028127045e-11,1.20647438527e-10,3.26090599773e-11,1.0,1.0,1.0,1.0,1.0,1.0,16.06397979
1550,8.66614813979e-12,4.84066400539e-11,1.39108995749e-11,1.0,1.0,1.0,1.0,1.0,1.0,16.168146723
1560,7.22594866112e-12,4.08683771756e-11,1.11750948928e-11,1.0,1.0,1.0,1.0,1.0,1.0,16.272254799
1570,6.35220326206e-12,2.70500180199e-11,7.6399531588e-12,1.0,1.0,1.0,1.0,1.0,1.0,16.376411002
1580,3.63394992411e-12,2.0304236042e-11,4.94671497782e-12,1.0,1.0,1.0,1.0,1.0,1.0,16.480553131
1590,3.29571034652e-12,1.81158051421e-11,4.18714243697e-12,1.0,1.0,1.0,1.0,1.0,1.0,16.584720867
1600,3.1882809432e-12,1.74596472043e-11,3.9251437397e-12,1.0,1.0,1.0,1.0,1.0,1.0,16.689033985
1610,2.23802973394e-12,1.50772376194e-11,2.47195925139e-12,1.0,1.0,1.0,1.0,1.0,1.0,16.793203516
1620,1.84071188353e-12,1.11743884074e-11,2.18141123938e-12,1.0,1.0,1.0,1.0,1.0,1.0,16.903831267
1630,1.54127869366e-12,9.21276840535e-12,1.73103277937e-12,1.0,1.0,1.0,1.0,1.0,1.0,17.015282771
1640,1.01355746952e-12,6.33062121054e-12,1.20540928843e-12,1.0,1.0,1.0,1.0,1.0,1.0,17.119952684
1650,6.28861749505e-13,5.17544766504e-12,1.50065459697e-12,1.0,1.0,1.0,1.0,1.0,1.0,17.224481925
1660,6.22014583031e-13,5.12843001637e-12,1.43221739449e-12,1.0,1.0,1.0,1.0,1.0,1.0,17.329030817
1670,5.23009273689e-13,4.61052747374e-12,1.01862338294e-12,1.0,1.0,1.0,1.0,1.0,1.0,17.433740913
1680,4.97893981246e-13,4.80670166884e-12,9.78932718798e-13,1.0,1.0,1.0,1.0,1.0,1.0,17.538300137
1690,3.93738057927e-13,3.13523577499e-12,6.33798306218e-13,1.0,1.0,1.0,1.0,1.0,1.0,17.642850214
1700,2.52695583e-13,2.10013018331e-12,3.63747157711e-13,1.0,1.0,1.0,1.0,1.0,1.0,17.747871444
1710,1.8150229922e-13,1.51999125862e-12,2.84475631599e-13,1.0,1.0,1.0,1.0,1.0,1.0,17.852478771
1720,1.1906718814e-13,1.00450431741e-12,1.66593744589e-13,1.0,1.0,1.0,1.0,1.0,1.0,17.957148134
1730,7.78942391435e-14,7.32250997012e-13,9.29810831507e-14,1.0,1.0,1.0,1.0,1.0,1.0,18.061812578
1740,7.75850638384e-14,7.28775887491e-13,8.70435702903e-14,1.0,1.0,1.0,1.0,1.0,1.0,18.166430797
1750,7.2868708769e-14,1.05545698833e-12,8.49585232426e-14,1.0,1.0,1.0,1.0,1.0,1.0,18.271076633
1760,7.23780213048e-14,1.05646560991e-12,8.30640043903e-14,1.0,1.0,1.0,1.0,1.0,1.0,18.375354156
1770,4.22281494915e-14,8.24337862013e-13,4.80941776021e-14,1.0,1.0,1.0,1.0,1.0,1.0,18.480235255
1780,4.20188712049e-14,8.24083278073e-13,4.68486880254e-14,1.0,1.0,1.0,1.0,1.0,1.0,18.584503974
1790,1.81362722847e-14,4.66953833353e-13,1.68263678901e-14,1.0,1.0,1.0,1.0,1.0,1.0,18.688863992
1800,1.4437609128e-14,4.02012206156e-13,1.18602836206e-14,1.0,1.0,1.0,1.0,1.0,1.0,18.793118877
1810,7.90378890123e-15,2.17577115559e-13,8.8753851939e-15,1.0,1.0,1.0,1.0,1.0,1.0,18.897354293
1820,4.22838463354e-15,1.25958528939e-13,6.14550754394e-15,1.0,1.0,1.0,1.0,1.0,1.0,19.001826084
1830,4.05128438748e-15,1.10685313549e-13,3.62373556674e-15,1.0,1.0,1.0,1.0,1.0,1.0,19.106122231
1840,3.75422234417e-15,1.09358231298e-13,3.39554284916e-15,1.0,1.0,1.0,1.0,1.0,1.0,19.210404034
1850,3.7086659218e-15,1.10894992829e-13,3.37795961463e-15,1.0,1.0,1.0,1.0,1.0,1.0,19.315200367
1860,3.59947385811e-15,1.08508878703e-13,3.23361486978e-15,1.0,1.0,1.0,1.0,1.0,1.0,19.419492161
1870,3.54309691311e-15,1.08231479218e-13,3.15370899703e-15,1.0,1.0,1.0,1.0,1.0,1.0,19.523805484
1880,3.48225932093e-15,1.03042326658e-13,3.04298803121e-15,1.0,1.0,1.0,1.0,1.0,1.0,19.627979139
1890,1.93718591169e-15,2.80871497427e-14,1.09361892156e-15,1.0,1.0,1.0,1.0,1.0,1.0,19.732161503
1900,8.8066910676e-16,2.17940298118e-14,6.98238377899e-16,1.0,1.0,1.0,1.0,1.0,1.0,19.836619645
1910,8.25529324582e-16,2.09520909879e-14,6.66825544759e-16,1.0,1.0,1.0,1.0,1.0,1.0,19.940951565
1920,6.31906801654e-16,1.77326681393e-14,4.53075633537e-16,1.0,1.0,1.0,1.0,1.0,1.0,20.045374124
1930,1.8545425254e-16,6.89155372222e-15,2.17202878476e-16,1.0,1.0,1.0,1.0,1.0,1.0,20.150236828
1940,1.86809834377e-16,6.66027548554e-15,2.14920310597e-16,1.0,1.0,1.0,1.0,1.0,1.0,20.254527711
1950,1.78575101061e-16,5.42932640625e-15,1.86474844504e-16,1.0,1.0,1.0,1.0,1.0,1.0,20.359006866
1960,1.19837837362e-16,5.09743661908e-15,1.69548111317e-16,1.0,1.0,1.0,1.0,1.0,1.0,20.463326643
1970,8.64322909895e-17,3.20003286056e-15,1.30106078651e-16,1.0,1.0,1.0,1.0,1.0,1.0,20.567668785
1980,4.06719962401e-17,2.5418293836e-15,9.26863526801e-17,1.0,1.0,1.0,1.0,1.0,1.0,20.672199144
1990,3.26845511286e-17,2.23563509282e-15,8.06471961903e-17,1.0,1.0,1.0,1.0,1.0,1.0,20.776575946
2000,2.75012610998e-17,1.98942980248e-15,6.94639977482e-17,1.0,1.0,1.0,1.0,1.0,1.0,20.881521605
2010,2.52544711812e-17,1.98757297878e-15,6.85646831597e-17,1.0,1.0,1.0,1.0,1.0,1.0,20.985871361
2020,2.38506210394e-17,1.83487029691e-15,6.76011884134e-17,1.0,1.0,1.0,1.0,1.0,1.0,21.090346367
2030,1.13551462251e-17,1.10943081518e-15,3.3022862265e-17,1.0,1.0,1.0,1.0,1.0,1.0,21.194664351
2040,7.41966942587e-18,7.53130650538e-16,2.60898941454e-17,1.0,1.0,1.0,1.0,1.0,1.0,21.300659566
2050,5.99592897993e-18,7.28266063976e-16,1.97375010331e-17,1.0,1.0,1.0,1.0,1.0,1.0,21.405619338
2060,5.97837808217e-18,7.2530773861e-16,1.95651305476e-17,1.0,1.0,1.0,1.0,1.0,1.0,21.510672285
2070,4.01488311738e-18,5.44508766018e-16,1.47612440001e-17,1.0,1.0,1.0,1.0,1.0,1.0,21.615748935
2080,2.13337277345e-18,3.62246717858e-16,1.05643096961e-17,1.0,1.0,1.0,1.0,1.0,1.0,21.720699667
2090,1.8487503848e-18,3.44178394674e-16,9.80664975411e-18,1.0,1.0,1.0,1.0,1.0,1.0,21.825645951
2100,1.86218281955e-18,3.32407004392e-16,9.1930907682e-18,1.0,1.0,1.0,1.0,1.0,1.0,21.930598132
2110,1.71532148272e-18,3.26570703797e-16,9.11237356602e-18,1.0,1.0,1.0,1.0,1.0,1.0,22.03558457
2120,1.73942811924e-18,3.93546198663e-16,1.32560084865e-17,1.0,1.0,1.0,1.0,1.0,1.0,22.141240904
2130,1.65017375391e-18,3.77102721057e-16,7.05347347469e-18,1.0,1.0,1.0,1.0,1.0,1.0,22.246378568
2140,1.01800664812e-18,2.54751247956e-16,4.23328358841e-18,1.0,1.0,1.0,1.0,1.0,1.0,22.35142708
2150,9.28889382245e-19,2.40867184808e-16,3.87828701244e-18,1.0,1.0,1.0,1.0,1.0,1.0,22.456369756
2160,8.05810716937e-19,2.8116097125e-16,4.07401959973e-18,1.0,1.0,1.0,1.0,1.0,1.0,22.561383508
2170,6.90365847835e-19,2.54943678512e-16,3.42973426995e-18,1.0,1.0,1.0,1.0,1.0,1.0,22.666680661
2180,6.11998842245e-19,2.4101794558e-16,2.91972046381e-18,1.0,1.0,1.0,1.0,1.0,1.0,22.771705182
2190,5.80596439453e-19,2.40458603242e-16,2.2827468272e-18,1.0,1.0,1.0,1.0,1.0,1.0,22.876705576
2200,5.07664367256e-19,2.11348328646e-16,1.66329653703e-18,1.0,1.0,1.0,1.0,1.0,1.0,22.981749948
2210,4.01885533692e-19,1.67348606663e-16,1.10803677674e-18,1.0,1.0,1.0,1.0,1.0,1.0,23.087206535
2220,2.91848351718e-19,1.09388277577e-16,8.73030446842e-19,1.0,1.0,1.0,1.0,1.0,1.0,23.192221652
2230,2.60413867271e-19,6.78938120024e-17,7.34964973535e-19,1.0,1.0,1.0,1.0,1.0,1.0,23.297247091
2240,1.90792930959e-19,4.76234771727e-17,7.85703784245e-19,1.0,1.0,1.0,1.0,1.0,1.0,23.402520643
2250,1.76820928999e-19,3.60502647775e-17,4.57821107262e-19,1.0,1.0,1.0,1.0,1.0,1.0,23.507551052
2260,1.50261507935e-19,3.55045698578e-17,4.5433818817e-19,1.0,1.0,1.0,1.0,1.0,1.0,23.612525122
2270,1.31585470585e-19,3.26807398933e-17,4.18609709307e-19,1.0,1.0,1.0,1.0,1.0,1.0,23.718207262
2280,8.27492736222e-20,1.6128457288e-17,2.70476261445e-19,1.0,1.0,1.0,1.0,1.0,1.0,23.823348259
2290,8.46352155635e-20,2.31802170542e-17,2.77483675608e-19,1.0,1.0,1.0,1.0,1.0,1.0,23.92851496
2300,7.45951429206e-20,1.45973889065e-17,2.40044075953e-19,1.0,1.0,1.0,1.0,1.0,1.0,24.033551681
2310,6.27191261548e-20,1.53521053557e-17,2.25101630274e-19,1.0,1.0,1.0,1.0,1.0,1.0,24.138580448
2320,5.6721534745e-20,1.37042370266e-17,1.63977023298e-19,1.0,1.0,1.0,1.0,1.0,1.0,24.243871117
2330,4.48273973439e-20,1.13718294143e-17,1.0107095079e-19,1.0,1.0,1.0,1.0,1.0,1.0,24.348849952
2340,3.69469977713e-20,9.63578225782e-18,7.54942779318e-20,1.0,1.0,1.0,1.0,1.0,1.0,24.453892644
2350,3.56698896589e-20,9.62368210508e-18,7.52470979446e-20,1.0,1.0,1.0,1.0,1.0,1.0,24.559561231
2360,3.24932444536e-20,8.61849020156e-18,4.69010872857e-20,1.0,1.0,1.0,1.0,1.0,1.0,24.664897499
2370,2.38988710682e-20,6.63409795828e-18,3.30905925991e-20,1.0,1.0,1.0,1.0,1.0,1.0,24.769874485
2380,1.964692081e-20,5.48333488521e-18,2.8552371611e-20,1.0,1.0,1.0,1.0,1.0,1.0,24.874859228
2390,1.25641665437e-20,4.11887866505e-18,1.88608829885e-20,1.0,1.0,1.0,1.0,1.0,1.0,24.979893148
2400,1.32649413057e-20,4.29301237215e-18,1.93782898292e-20,1.0,1.0,1.0,1.0,1.0,1.0,25.084888348
2410,1.1957408588e-20,4.02120175904e-18,1.83395051146e-20,1.0,1.0,1.0,1.0,1.0,1.0,25.189884775
2420,8.11544639153e-21,3.10728466077e-18,1.25929895669e-20,1.0,1.0,1.0,1.0,1.0,1.0,25.29487846
2430,8.59686417957e-21,3.11980553087e-18,1.24516961922e-20,1.0,1.0,1.0,1.0,1.0,1.0,25.399943093
2440,6.48915235789e-21,2.48902935633e-18,1.14877574527e-20,1.0,1.0,1.0,1.0,1.0,1.0,25.505115759
2450,4.33281951612e-21,1.26986300108e-18,8.55165164998e-21,1.0,1.0,1.0,1.0,1.0,1.0,25.610150658
2460,1.86210650668e-21,5.4346855225e-19,4.78237564832e-21,1.0,1.0,1.0,1.0,1.0,1.0,25.715300189
2470,1.80860565146e-21,5.37917422593e-19,4.35660986235e-21,1.0,1.0,1.0,1.0,1.0,1.0,25.820316228
2480,1.27381276286e-21,3.37395009526e-19,3.81037100009e-21,1.0,1.0,1.0,1.0,1.0,1.0,25.925371439
2490,9.55027988593e-22,3.17723924999e-19,3.58005775502e-21,1.0,1.0,1.0,1.0,1.0,1.0,26.030393008
2500,8.53570259453e-22,3.05946036443e-19,3.06951898882e-21,1.0,1.0,1.0,1.0,1.0,1.0,26.135930094
2510,5.85612402276e-22,2.15692525535e-19,1.64575086502e-21,1.0,1.0,1.0,1.0,1.0,1.0,26.241828517
2520,4.99979091149e-22,1.54891772959e-19,1.23621114226e-21,1.0,1.0,1.0,1.0,1.0,1.0,26.346938712
2530,2.71404353497e-22,7.34655590502e-20,9.08499516402e-22,1.0,1.0,1.0,1.0,1.0,1.0,26.451921929
2540,4.82939061433e-23,1.4119044635e-20,2.22287620328e-22,1.0,1.0,1.0,1.0,1.0,1.0,26.556888301
2550,9.18189222833e-24,1.84429223293e-21,3.42877909202e-23,1.0,1.0,1.0,1.0,1.0,1.0,26.661873304
2560,9.07124759896e-24,1.7444796639e-21,3.31715120193e-23,1.0,1.0,1.0,1.0,1.0,1.0,26.766869469
2570,7.85120288659e-24,1.38836600429e-21,2.52054706127e-23,1.0,1.0,1.0,1.0,1.0,1.0,26.871855386
2580,7.69453444222e-24,1.36460891202e-21,2.42331628459e-23,1.0,1.0,1.0,1.0,1.0,1.0,26.976830163
2590,7.25080397117e-24,1.31824512963e-21,2.28194004987e-23,1.0,1.0,1.0,1.0,1.0,1.0,27.082894073
2600,3.97415603557e-24,7.58960816581e-22,1.36588583535e-23,1.0,1.0,1.0,1.0,1.0,1.0,27.187876463
2610,3.47655217754e-24,7.50900851659e-22,1.16504200132e-23,1.0,1.0,1.0,1.0,1.0,1.0,27.29279274
2620,6.01468803969e-24,1.03131837611e-21,1.33928710363e-23,1.0,1.0,1.0,1.0,1.0,1.0,27.39780452
2630,3.36831381911e-24,7.55756224204e-22,1.13635244806e-23,1.0,1.0,1.0,1.0,1.0,1.0,27.502732924
2640,2.4685966167e-24,5.17354247394e-22,8.68578522779e-24,1.0,1.0,1.0,1.0,1.0,1.0,27.607737698
2650,2.44087335473e-24,5.15844771496e-22,8.66156436371e-24,1.0,1.0,1.0,1.0,1.0,1.0,27.712680374
2660,2.11024921929e-24,5.5153635112e-22,7.35915776884e-24,1.0,1.0,1.0,1.0,1.0,1.0,27.818313227
2670,1.53419055303e-24,4.90431616901e-22,6.89098547264e-24,1.0,1.0,1.0,1.0,1.0,1.0,27.923342031
2680,1.23981957988e-24,4.81673575245e-22,5.87159316842e-24,1.0,1.0,1.0,1.0,1.0,1.0,28.02829083
2690,1.9319491001e-24,5.36096640273e-22,4.83772051901e-24,1.0,1.0,1.0,1.0,1.0,1.0,28.13322507
2700,3.30777978471e-25,1.35878307948e-22,1.60674146702e-24,1.0,1.0,1.0,1.0,1.0,1.0,28.238166032
2710,2.46274550847e-25,1.18038154436e-22,1.4346331585e-24,1.0,1.0,1.0,1.0,1.0,1.0,28.343160818
2720,2.30983853057e-25,1.16773939289e-22,1.23533714533e-24,1.0,1.0,1.0,1.0,1.0,1.0,28.448152095
2730,2.04625319178e-25,1.02945459429e-22,1.12431360479e-24,1.0,1.0,1.0,1.0,1.0,1.0,28.553145879
2740,1.46176042245e-25,6.29611042803e-23,7.18020322202e-25,1.0,1.0,1.0,1.0,1.0,1.0,28.658720836
2750,6.61109838274e-26,3.3176184871e-23,4.04901968045e-25,1.0,1.0,1.0,1.0,1.0,1.0,28.763720698
2760,4.02810976397e-26,2.37385080585e-23,2.11938461541e-25,1.0,1.0,1.0,1.0,1.0,1.0,28.868712012
2770,3.13114546013e-26,2.1357552644e-23,1.88046115353e-25,1.0,1.0,1.0,1.0,1.0,1.0,28.973685797
2780,2.98535884049e-26,1.91129505732e-23,1.7928601436e-25,1.0,1.0,1.0,1.0,1.0,1.0,29.078656009
2790,2.59188567481e-26,1.89984341592e-23,1.59233968656e-25,1.0,1.0,1.0,1.0,1.0,1.0,29.183620661
2800,2.36167794696e-26,1.66967413659e-23,1.39601183621e-25,1.0,1.0,1.0,1.0,1.0,1.0,29.288601864
2810,2.33626667666e-26,1.60162084579e-23,1.37450688089e-25,1.0,1.0,1.0,1.0,1.0,1.0,29.39355378
2820,5.47086504343e-27,6.60330802674e-24,5.13213259416e-26,1.0,1.0,1.0,1.0,1.0,1.0,29.499299822
2830,4.64205666197e-27,6.3234935505e-24,4.180633914e-26,1.0,1.0,1.0,1.0,1.0,1.0,29.604270623
2840,4.42904651435e-27,6.14513027883e-24,3.97434234409e-26,1.0,1.0,1.0,1.0,1.0,1.0,29.7092409
2850,1.75778407547e-27,1.48000922061e-24,1.12931743818e-26,1.0,1.0,1.0,1.0,1.0,1.0,29.814206463
2860,5.81419681484e-28,7.07059459712e-25,4.62194374132e-27,1.0,1.0,1.0,1.0,1.0,1.0,29.919236905
2870,5.25829271263e-28,6.13686174805e-25,4.61177624407e-27,1.0,1.0,1.0,1.0,1.0,1.0,30.024215917
2880,2.84260114668e-28,4.17918047804e-25,2.54342114641e-27,1.0,1.0,1.0,1.0,1.0,1.0,30.129163553
2890,2.23625910303e-28,3.50601062986e-25,2.40258306904e-27,1.0,1.0,1.0,1.0,1.0,1.0,30.234468333
2900,9.33237821485e-29,1.36234086547e-25,1.05960028693e-27,1.0,1.0,1.0,1.0,1.0,1.0,30.339530161
2910,6.70021052716e-29,9.20728792767e-26,8.28849702697e-28,1.0,1.0,1.0,1.0,1.0,1.0,30.4445141
2920,3.8572739771e-29,6.68173213007e-26,4.79410240286e-28,1.0,1.0,1.0,1.0,1.0,1.0,30.54950827
2930,2.25428642115e-29,4.10879227485e-26,2.81373608665e-28,1.0,1.0,1.0,1.0,1.0,1.0,30.65445523
2940,1.74803601559e-29,3.03632525658e-26,2.54268792281e-28,1.0,1.0,1.0,1.0,1.0,1.0,30.759419437
2950,9.70194805782e-30,1.19519185511e-26,1.06667323953e-28,1.0,1.0,1.0,1.0,1.0,1.0,30.864362993
2960,6.35653254875e-30,9.03315569121e-27,6.07230943465e-29,1.0,1.0,1.0,1.0,1.0,1.0,30.969402479
2970,6.92399284446e-30,8.13258302836e-27,6.08805547248e-29,1.0,1.0,1.0,1.0,1.0,1.0,31.074426597
2980,5.46493901071e-30,8.3486177483e-27,5.68518685851e-29,1.0,1.0,1.0,1.0,1.0,1.0,31.179418402
2990,2.58177124198e-30,4.09753672038e-27,4.01707148806e-29,1.0,1.0,1.0,1.0,1.0,1.0,31.284359393
3000,4.85917496088e-32,5.43212617929e-29,4.35354560836e-31,1.0,1.0,1.0,1.0,1.0,1.0,31.389326361
3010,3.77144655883e-32,4.0217417767e-29,3.28367249332e-31,1.0,1.0,1.0,1.0,1.0,1.0,31.49430136
3020,3.30001573897e-32,3.55082555046e-29,2.98745990045e-31,1.0,1.0,1.0,1.0,1.0,1.0,31.599268843
3030,2.3080467222e-32,3.42942573901e-29,2.66883648641e-31,1.0,1.0,1.0,1.0,1.0,1.0,31.70423442
3040,2.11161721393e-32,3.03314999773e-29,2.5480129288e-31,1.0,1.0,1.0,1.0,1.0,1.0,31.809187366
3050,6.85047910099e-33,1.2777614878e-29,1.15074694796e-31,1.0,1.0,1.0,1.0,1.0,1.0,31.914322622
3060,5.8437778711e-33,1.10536395244e-29,1.13613119502e-31,1.0,1.0,1.0,1.0,1.0,1.0,32.019335
3070,5.77011680549e-33,1.04411622664e-29,1.08059133386e-31,1.0,1.0,1.0,1.0,1.0,1.0,32.124294564
3080,5.77011680549e-33,1.13526339537e-29,1.02700023975e-31,1.0,1.0,1.0,1.0,1.0,1.0,32.229279837
3090,4.29689549345e-33,6.2810454641e-30,6.19707924556e-32,1.0,1.0,1.0,1.0,1.0,1.0,32.334238859
3100,4.29689549345e-33,6.16146210868e-30,5.77809432801e-32,1.0,1.0,1.0,1.0,1.0,1.0,32.439256099
3110,4.27234180492e-33,6.57124593965e-30,5.99245870443e-32,1.0,1.0,1.0,1.0,1.0,1.0,32.544237495
3120,1.98884877126e-33,2.90733879305e-30,3.72214508145e-32,1.0,1.0,1.0,1.0,1.0,1.0,32.649398637
3130,1.62054344325e-33,3.92563539467e-30,3.15700263453e-32,1.0,1.0,1.0,1.0,1.0,1.0,32.754444731
3140,1.2276844267e-33,1.7468972988e-30,2.05594924656e-32,1.0,1.0,1.0,1.0,1.0,1.0,32.859468557
3150,8.83932787225e-34,1.55840394471e-30,1.08156571739e-32,1.0,1.0,1.0,1.0,1.0,1.0,32.964441779
3160,4.9107377068e-35,2.09469096361e-31,8.76945176259e-34,1.0,1.0,1.0,1.0,1.0,1.0,33.069423213
3170,4.9107377068e-35,2.48753562127e-31,7.79506823341e-34,1.0,1.0,1.0,1.0,1.0,1.0,33.177827924
3180,4.9107377068e-35,2.27129085558e-31,5.84630117506e-34,1.0,1.0,1.0,1.0,1.0,1.0,33.286030382
3190,4.9107377068e-35,3.3380983663e-31,1.94876705835e-34,1.0,1.0,1.0,1.0,1.0,1.0,33.394312952
3200,4.9107377068e-35,3.3380983663e-31,4.87191764588e-34,1.0,1.0,1.0,1.0,1.0,1.0,33.502646641
3210,4.9107377068e-35,3.24222985351e-31,4.87191764588e-34,1.0,1.0,1.0,1.0,1.0,1.0,33.610903294
3220,4.9107377068e-35,2.84217703699e-31,1.94876705835e-34,1.0,1.0,1.0,1.0,1.0,1.0,33.720485399
3230,2.4553688534e-35,2.2705700397e-31,9.74383529176e-35,1.0,1.0,1.0,1.0,1.0,1.0,33.828635307
3240,2.4553688534e-35,3.25087964414e-31,9.74383529176e-35,1.0,1.0,1.0,1.0,1.0,1.0,33.936827467
3250,0.0,1.41063668816e-31,9.74383529176e-35,1.0,1.0,1.0,1.0,1.0,1.0,34.04547994
3260,0.0,1.41063668816e-31,9.74383529176e-35,1.0,1.0,1.0,1.0,1.0,1.0,34.153873459
3270,0.0,1.40559097696e-31,9.74383529176e-35,1.0,1.0,1.0,1.0,1.0,1.0,34.262452414
3280,2.4553688534e-35,1.46974359078e-31,9.74383529176e-35,1.0,1.0,1.0,1.0,1.0,1.0,34.37074083
3290,0.0,1.41063668816e-31,9.74383529176e-35,1.0,1.0,1.0,1.0,1.0,1.0,34.478933364
3300,0.0,1.41063668816e-31,9.74383529176e-35,1.0,1.0,1.0,1.0,1.0,1.0,34.587192365
3310,0.0,1.28665635583e-31,9.74383529176e-35,1.0,1.0,1.0,1.0,1.0,1.0,34.695486363
3320,0.0,1.41063668816e-31,9.74383529176e-35,1.0,1.0,1.0,1.0,1.0,1.0,34.80371891
3330,0.0,1.41063668816e-31,9.74383529176e-35,1.0,1.0,1.0,1.0,1.0,1.0,34.913315779
3340,2.4553688534e-35,1.81717684764e-31,9.74383529176e-35,1.0,1.0,1.0,1.0,1.0,1.0,35.022171437
3350,0.0,1.41063668816e-31,9.74383529176e-35,1.0,1.0,1.0,1.0,1.0,1.0,35.130473965
3360,0.0,1.47551011786e-31,9.74383529176e-35,1.0,1.0,1.0,1.0,1.0,1.0,35.238715878
3370,0.0,1.41063668816e-31,9.74383529176e-35,1.0,1.0,1.0,1.0,1.0,1.0,35.346952156
3380,0.0,1.41063668816e-31,9.74383529176e-35,1.0,1.0,1.0,1.0,1.0,1.0,35.455216043
3390,0.0,1.41063668816e-31,9.74383529176e-35,1.0,1.0,1.0,1.0,1.0,1.0,35.563471146
3400,0.0,1.22250374201e-31,9.74383529176e-35,1.0,1.0,1.0,1.0,1.0,1.0,35.671739016
3410,0.0,1.41063668816e-31,9.74383529176e-35,1.0,1.0,1.0,1.0,1.0,1.0,35.780031785
3420,0.0,1.04806629769e-31,9.74383529176e-35,1.0,1.0,1.0,1.0,1.0,1.0,35.885027212
3430,0.0,1.41063668816e-31,9.74383529176e-35,1.0,1.0,1.0,1.0,1.0,1.0,35.990146373
3440,0.0,1.41063668816e-31,9.74383529176e-35,1.0,1.0,1.0,1.0,1.0,1.0,36.095832099
3450,0.0,1.16339683939e-31,9.74383529176e-35,1.0,1.0,1.0,1.0,1.0,1.0,36.200956798
3460,0.0,1.41063668816e-31,9.74383529176e-35,1.0,1.0,1.0,1.0,1.0,1.0,36.305840806
3470,0.0,1.41063668816e-31,9.74383529176e-35,1.0,1.0,1.0,1.0,1.0,1.0,36.410779425
3480,0.0,1.05094956123e-31,9.74383529176e-35,1.0,1.0,1.0,1.0,1.0,1.0,36.515781187
3490,0.0,1.41063668816e-31,9.74383529176e-35,1.0,1.0,1.0,1.0,1.0,1.0,36.620654357
3500,0.0,1.41063668816e-31,9.74383529176e-35,1.0,1.0,1.0,1.0,1.0,1.0,36.725947639
3510,0.0,1.41135750404e-31,9.74383529176e-35,1.0,1.0,1.0,1.0,1.0,1.0,36.830771878
3520,0.0,1.41135750404e-31,9.74383529176e-35,1.0,1.0,1.0,1.0,1.0,1.0,36.935656452
3530,0.0,1.46613951135e-31,9.74383529176e-35,1.0,1.0,1.0,1.0,1.0,1.0,37.040567874
3540,0.0,1.28161064463e-31,9.74383529176e-35,1.0,1.0,1.0,1.0,1.0,1.0,37.145475162
3550,0.0,8.98136593481e-32,9.74383529176e-35,1.0,1.0,1.0,1.0,1.0,1.0,37.250525693
3560,0.0,1.41063668816e-31,9.74383529176e-35,1.0,1.0,1.0,1.0,1.0,1.0,37.355578799
3570,0.0,1.16051357585e-31,9.74383529176e-35,1.0,1.0,1.0,1.0,1.0,1.0,37.460882921
3580,0.0,1.34792570611e-31,9.74383529176e-35,1.0,1.0,1.0,1.0,1.0,1.0,37.568680915
3590,0.0,1.41063668816e-31,9.74383529176e-35,1.0,1.0,1.0,1.0,1.0,1.0,37.673884559
3600,0.0,1.41135750404e-31,9.74383529176e-35,1.0,1.0,1.0,1.0,1.0,1.0,37.779003093
3610,0.0,1.41063668816e-31,9.74383529176e-35,1.0,1.0,1.0,1.0,1.0,1.0,37.88393631
3620,0.0,1.22610782144e-31,9.74383529176e-35,1.0,1.0,1.0,1.0,1.0,1.0,37.989113363
3630,0.0,1.41063668816e-31,9.74383529176e-35,1.0,1.0,1.0,1.0,1.0,1.0,38.09610774
3640,0.0,1.41063668816e-31,9.74383529176e-35,1.0,1.0,1.0,1.0,1.0,1.0,38.201913453
3650,0.0,1.41063668816e-31,9.74383529176e-35,1.0,1.0,1.0,1.0,1.0,1.0,38.30752166
3660,0.0,1.54038354757e-31,9.74383529176e-35,1.0,1.0,1.0,1.0,1.0,1.0,38.412651415
3670,0.0,1.41063668816e-31,9.74383529176e-35,1.0,1.0,1.0,1.0,1.0,1.0,38.517909217
3680,0.0,1.41063668816e-31,9.74383529176e-35,1.0,1.0,1.0,1.0,1.0,1.0,38.622959158
3690,0.0,1.4034285293e-31,9.74383529176e-35,1.0,1.0,1.0,1.0,1.0,1.0,38.728127593
3700,0.0,6.5305919237e-32,9.74383529176e-35,1.0,1.0,1.0,1.0,1.0,1.0,38.833253119
3710,0.0,1.34071754725e-31,9.74383529176e-35,1.0,1.0,1.0,1.0,1.0,1.0,38.938374439
3720,0.0,1.41063668816e-31,9.74383529176e-35,1.0,1.0,1.0,1.0,1.0,1.0,39.043444555
3730,0.0,1.41063668816e-31,9.74383529176e-35,1.0,1.0,1.0,1.0,1.0,1.0,39.150371126
3740,4.9107377068e-35,1.67661774995e-31,9.74383529176e-35,1.0,1.0,1.0,1.0,1.0,1.0,39.255393761
3750,2.4553688534e-35,1.67661774995e-31,9.74383529176e-35,1.0,1.0,1.0,1.0,1.0,1.0,39.362992474
3760,0.0,1.41063668816e-31,9.74383529176e-35,1.0,1.0,1.0,1.0,1.0,1.0,39.469308099
3770,0.0,1.41063668816e-31,9.74383529176e-35,1.0,1.0,1.0,1.0,1.0,1.0,39.575574171
3780,2.4553688534e-35,1.67661774995e-31,9.74383529176e-35,1.0,1.0,1.0,1.0,1.0,1.0,39.680996047
3790,0.0,1.41063668816e-31,9.74383529176e-35,1.0,1.0,1.0,1.0,1.0,1.0,39.786314336
3800,4.9107377068e-35,1.74653689085e-31,9.74383529176e-35,1.0,1.0,1.0,1.0,1.0,1.0,39.895092629
3810,0.0,1.41063668816e-31,9.74383529176e-35,1.0,1.0,1.0,1.0,1.0,1.0,40.000025418
3820,0.0,1.28161064463e-31,9.74383529176e-35,1.0,1.0,1.0,1.0,1.0,1.0,40.104573174
3830,0.0,1.41063668816e-31,9.74383529176e-35,1.0,1.0,1.0,1.0,1.0,1.0,40.209114996
3840,0.0,6.55942455913e-32,9.74383529176e-35,1.0,1.0,1.0,1.0,1.0,1.0,40.314341447
3850,0.0,1.47551011786e-31,9.74383529176e-35,1.0,1.0,1.0,1.0,1.0,1.0,40.419938928
3860,0.0,1.41063668816e-31,9.74383529176e-35,1.0,1.0,1.0,1.0,1.0,1.0,40.524475366
3870,0.0,1.41063668816e-31,9.74383529176e-35,1.0,1.0,1.0,1.0,1.0,1.0,40.628960568
3880,0.0,1.41063668816e-31,9.74383529176e-35,1.0,1.0,1.0,1.0,1.0,1.0,40.73384139
3890,0.0,1.41063668816e-31,9.74383529176e-35,1.0,1.0,1.0,1.0,1.0,1.0,40.838397159
3900,0.0,1.41063668816e-31,9.74383529176e-35,1.0,1.0,1.0,1.0,1.0,1.0,40.943474828
3910,0.0,1.41063668816e-31,9.74383529176e-35,1.0,1.0,1.0,1.0,1.0,1.0,41.048794144
3920,0.0,1.41063668816e-31,9.74383529176e-35,1.0,1.0,1.0,1.0,1.0,1.0,41.153845711
3930,2.4553688534e-35,1.47551011786e-31,9.74383529176e-35,1.0,1.0,1.0,1.0,1.0,1.0,41.25888457
3940,0.0,1.41063668816e-31,9.74383529176e-35,1.0,1.0,1.0,1.0,1.0,1.0,41.363949545
3950,0.0,1.41063668816e-31,9.74383529176e-35,1.0,1.0,1.0,1.0,1.0,1.0,41.470205281
3960,0.0,1.41063668816e-31,9.74383529176e-35,1.0,1.0,1.0,1.0,1.0,1.0,41.574960307
3970,0.0,1.41063668816e-31,9.74383529176e-35,1.0,1.0,1.0,1.0,1.0,1.0,41.679681431
3980,2.4553688534e-35,1.41135750404e-31,9.74383529176e-35,1.0,1.0,1.0,1.0,1.0,1.0,41.784486926
3990,2.4553688534e-35,1.60741942493e-31,9.74383529176e-35,1.0,1.0,1.0,1.0,1.0,1.0,41.889286142
4000,0.0,1.41063668816e-31,9.74383529176e-35,1.0,1.0,1.0,1.0,1.0,1.0,41.994165731
4010,0.0,1.41063668816e-31,9.74383529176e-35,1.0,1.0,1.0,1.0,1.0,1.0,42.098864408
4020,2.4553688534e-35,1.53533783637e-31,9.74383529176e-35,1.0,1.0,1.0,1.0,1.0,1.0,42.203542223
4030,2.4553688534e-35,1.23403679618e-31,9.74383529176e-35,1.0,1.0,1.0,1.0,1.0,1.0,42.308278108
4040,0.0,1.41063668816e-31,9.74383529176e-35,1.0,1.0,1.0,1.0,1.0,1.0,42.413024897
4050,0.0,1.41135750404e-31,9.74383529176e-35,1.0,1.0,1.0,1.0,1.0,1.0,42.517714715
4060,0.0,1.47551011786e-31,9.74383529176e-35,1.0,1.0,1.0,1.0,1.0,1.0,42.622373858
4070,0.0,1.16123439173e-31,9.74383529176e-35,1.0,1.0,1.0,1.0,1.0,1.0,42.727322632
4080,0.0,1.41063668816e-31,9.74383529176e-35,1.0,1.0,1.0,1.0,1.0,1.0,42.833124757
4090,2.4553688534e-35,1.60741942493e-31,9.74383529176e-35,1.0,1.0,1.0,1.0,1.0,1.0,42.938703637
4100,0.0,1.41063668816e-31,9.74383529176e-35,1.0,1.0,1.0,1.0,1.0,1.0,43.043633186
4110,0.0,1.34287999491e-31,9.74383529176e-35,1.0,1.0,1.0,1.0,1.0,1.0,43.148419657
4120,4.9107377068e-35,1.89070006798e-31,9.74383529176e-35,1.0,1.0,1.0,1.0,1.0,1.0,43.253174177
4130,0.0,1.41135750404e-31,9.74383529176e-35,1.0,1.0,1.0,1.0,1.0,1.0,43.357941599
4140,0.0,1.41063668816e-31,9.74383529176e-35,1.0,1.0,1.0,1.0,1.0,1.0,43.464556338
4150,0.0,1.10573156854e-31,9.74383529176e-35,1.0,1.0,1.0,1.0,1.0,1.0,43.570998953
4160,0.0,1.22178292612e-31,9.74383529176e-35,1.0,1.0,1.0,1.0,1.0,1.0,43.679145582
4170,0.0,1.40559097696e-31,9.74383529176e-35,1.0,1.0,1.0,1.0,1.0,1.0,43.785206162
4180,0.0,1.41063668816e-31,9.74383529176e-35,1.0,1.0,1.0,1.0,1.0,1.0,43.890250788
4190,0.0,1.41063668816e-31,9.74383529176e-35,1.0,1.0,1.0,1.0,1.0,1.0,43.995063139
4200,2.4553688534e-35,1.41063668816e-31,9.74383529176e-35,1.0,1.0,1.0,1.0,1.0,1.0,44.099772583
4210,0.0,1.16339683939e-31,9.74383529176e-35,1.0,1.0,1.0,1.0,1.0,1.0,44.204499083
4220,0.0,1.41063668816e-31,9.74383529176e-35,1.0,1.0,1.0,1.0,1.0,1.0,44.309206485
4230,0.0,1.41063668816e-31,9.74383529176e-35,1.0,1.0,1.0,1.0,1.0,1.0,44.413880824
4240,0.0,1.41063668816e-31,9.74383529176e-35,1.0,1.0,1.0,1.0,1.0,1.0,44.518549953
4250,0.0,1.41063668816e-31,9.74383529176e-35,1.0,1.0,1.0,1.0,1.0,1.0,44.623300623
4260,0.0,1.41063668816e-31,9.74383529176e-35,1.0,1.0,1.0,1.0,1.0,1.0,44.728197889
4270,0.0,1.41063668816e-31,9.74383529176e-35,1.0,1.0,1.0,1.0,1.0,1.0,44.832905663
4280,0.0,6.96308145508e-32,9.74383529176e-35,1.0,1.0,1.0,1.0,1.0,1.0,44.93762743
4290,0.0,1.41063668816e-31,9.74383529176e-35,1.0,1.0,1.0,1.0,1.0,1.0,45.042304792
4300,0.0,1.34287999491e-31,9.74383529176e-35,1.0,1.0,1.0,1.0,1.0,1.0,45.147005804
4310,0.0,1.34792570611e-31,9.74383529176e-35,1.0,1.0,1.0,1.0,1.0,1.0,45.251681206
4320,0.0,1.41063668816e-31,9.74383529176e-35,1.0,1.0,1.0,1.0,1.0,1.0,45.356368417
4330,0.0,1.41063668816e-31,9.74383529176e-35,1.0,1.0,1.0,1.0,1.0,1.0,45.461041048
4340,0.0,1.41063668816e-31,9.74383529176e-35,1.0,1.0,1.0,1.0,1.0,1.0,45.569852992
4350,0.0,1.41063668816e-31,9.74383529176e-35,1.0,1.0,1.0,1.0,1.0,1.0,45.678424352
4360,0.0,1.41063668816e-31,9.74383529176e-35,1.0,1.0,1.0,1.0,1.0,1.0,45.786852327
4370,0.0,1.41063668816e-31,9.74383529176e-35,1.0,1.0,1.0,1.0,1.0,1.0,45.895303853
4380,0.0,1.10356912088e-31,9.74383529176e-35,1.0,1.0,1.0,1.0,1.0,1.0,46.003615033
4390,0.0,1.34287999491e-31,9.74383529176e-35,1.0,1.0,1.0,1.0,1.0,1.0,46.111924185
4400,0.0,1.41063668816e-31,9.74383529176e-35,1.0,1.0,1.0,1.0,1.0,1.0,46.220402221
4410,0.0,1.47551011786e-31,9.74383529176e-35,1.0,1.0,1.0,1.0,1.0,1.0,46.328954084
4420,0.0,1.47478930198e-31,9.74383529176e-35,1.0,1.0,1.0,1.0,1.0,1.0,46.437305612
4430,0.0,1.41063668816e-31,9.74383529176e-35,1.0,1.0,1.0,1.0,1.0,1.0,46.545628196
4440,2.4553688534e-35,1.89718741095e-31,9.74383529176e-35,1.0,1.0,1.0,1.0,1.0,1.0,46.65395552
4450,0.0,1.41063668816e-31,9.74383529176e-35,1.0,1.0,1.0,1.0,1.0,1.0,46.762246673
4460,0.0,1.22178292612e-31,9.74383529176e-35,1.0,1.0,1.0,1.0,1.0,1.0,46.870662187
4470,0.0,1.41063668816e-31,9.74383529176e-35,1.0,1.0,1.0,1.0,1.0,1.0,46.978952093
4480,0.0,1.41063668816e-31,9.74383529176e-35,1.0,1.0,1.0,1.0,1.0,1.0,47.084026686
4490,0.0,1.41063668816e-31,9.74383529176e-35,1.0,1.0,1.0,1.0,1.0,1.0,47.189307531
4500,0.0,1.41063668816e-31,9.74383529176e-35,1.0,1.0,1.0,1.0,1.0,1.0,47.295294181
4510,0.0,1.34287999491e-31,9.74383529176e-35,1.0,1.0,1.0,1.0,1.0,1.0,47.400284777
4520,0.0,1.41063668816e-31,9.74383529176e-35,1.0,1.0,1.0,1.0,1.0,1.0,47.507084054
4530,0.0,1.41063668816e-31,9.74383529176e-35,1.0,1.0,1.0,1.0,1.0,1.0,47.612095263
4540,0.0,1.54038354757e-31,9.74383529176e-35,1.0,1.0,1.0,1.0,1.0,1.0,47.717092814
4550,0.0,1.41063668816e-31,9.74383529176e-35,1.0,1.0,1.0,1.0,1.0,1.0,47.822100065
4560,0.0,1.34792570611e-31,9.74383529176e-35,1.0,1.0,1.0,1.0,1.0,1.0,47.927895548
4570,0.0,1.41063668816e-31,9.74383529176e-35,1.0,1.0,1.0,1.0,1.0,1.0,48.033552258
4580,0.0,8.88765986968e-32,9.74383529176e-35,1.0,1.0,1.0,1.0,1.0,1.0,48.138430994
4590,2.4553688534e-35,1.9649441042e-31,9.74383529176e-35,1.0,1.0,1.0,1.0,1.0,1.0,48.244041364
4600,0.0,1.41063668816e-31,9.74383529176e-35,1.0,1.0,1.0,1.0,1.0,1.0,48.349128188
4610,0.0,1.40559097696e-31,9.74383529176e-35,1.0,1.0,1.0,1.0,1.0,1.0,48.454022661
4620,0.0,1.41063668816e-31,9.74383529176e-35,1.0,1.0,1.0,1.0,1.0,1.0,48.560240147
4630,0.0,1.41063668816e-31,9.74383529176e-35,1.0,1.0,1.0,1.0,1.0,1.0,48.667515708
4640,0.0,1.41063668816e-31,9.74383529176e-35,1.0,1.0,1.0,1.0,1.0,1.0,48.772859625
4650,0.0,1.41063668816e-31,9.74383529176e-35,1.0,1.0,1.0,1.0,1.0,1.0,48.877709593
4660,0.0,1.41063668816e-31,9.74383529176e-35,1.0,1.0,1.0,1.0,1.0,1.0,48.982580696
4670,0.0,1.41063668816e-31,9.74383529176e-35,1.0,1.0,1.0,1.0,1.0,1.0,49.087429675
4680,0.0,1.41063668816e-31,9.74383529176e-35,1.0,1.0,1.0,1.0,1.0,1.0,49.192276828
4690,0.0,1.41135750404e-31,9.74383529176e-35,1.0,1.0,1.0,1.0,1.0,1.0,49.297782711
4700,0.0,1.41063668816e-31,9.74383529176e-35,1.0,1.0,1.0,1.0,1.0,1.0,49.402645075
4710,0.0,1.41063668816e-31,9.74383529176e-35,1.0,1.0,1.0,1.0,1.0,1.0,49.507484893
4720,0.0,1.40559097696e-31,9.74383529176e-35,1.0,1.0,1.0,1.0,1.0,1.0,49.612514288
4730,2.4553688534e-35,2.11775707195e-31,9.74383529176e-35,1.0,1.0,1.0,1.0,1.0,1.0,49.717370498
4740,0.0,1.34792570611e-31,9.74383529176e-35,1.0,1.0,1.0,1.0,1.0,1.0,49.822412143
4750,0.0,1.04806629769e-31,9.74383529176e-35,1.0,1.0,1.0,1.0,1.0,1.0,49.927300907
4760,0.0,1.41063668816e-31,9.74383529176e-35,1.0,1.0,1.0,1.0,1.0,1.0,50.032140973
4770,0.0,1.40559097696e-31,9.74383529176e-35,1.0,1.0,1.0,1.0,1.0,1.0,50.138225486
4780,0.0,1.41063668816e-31,9.74383529176e-35,1.0,1.0,1.0,1.0,1.0,1.0,50.243107156
4790,0.0,1.41135750404e-31,9.74383529176e-35,1.0,1.0,1.0,1.0,1.0,1.0,50.351092288
4800,0.0,1.41063668816e-31,9.74383529176e-35,1.0,1.0,1.0,1.0,1.0,1.0,50.462730706
4810,0.0,1.41063668816e-31,9.74383529176e-35,1.0,1.0,1.0,1.0,1.0,1.0,50.57140083
4820,0.0,1.39982444987e-31,9.74383529176e-35,1.0,1.0,1.0,1.0,1.0,1.0,50.676822943
4830,0.0,1.47478930198e-31,9.74383529176e-35,1.0,1.0,1.0,1.0,1.0,1.0,50.787954988
4840,0.0,1.41063668816e-31,9.74383529176e-35,1.0,1.0,1.0,1.0,1.0,1.0,50.894870299
4850,0.0,1.41063668816e-31,9.74383529176e-35,1.0,1.0,1.0,1.0,1.0,1.0,51.001541219
4860,0.0,1.41063668816e-31,9.74383529176e-35,1.0,1.0,1.0,1.0,1.0,1.0,51.115332807
4870,0.0,1.41063668816e-31,9.74383529176e-35,1.0,1.0,1.0,1.0,1.0,1.0,51.221245724
4880,0.0,1.41063668816e-31,9.74383529176e-35,1.0,1.0,1.0,1.0,1.0,1.0,51.325804383
4890,0.0,1.4084742405e-31,9.74383529176e-35,1.0,1.0,1.0,1.0,1.0,1.0,51.430249716
4900,2.4553688534e-35,2.04423385161e-31,9.74383529176e-35,1.0,1.0,1.0,1.0,1.0,1.0,51.543091439
4910,0.0,1.48199746083e-31,9.74383529176e-35,1.0,1.0,1.0,1.0,1.0,1.0,51.647543851
4920,0.0,1.40559097696e-31,9.74383529176e-35,1.0,1.0,1.0,1.0,1.0,1.0,51.751956381
4930,0.0,8.86603539311e-32,9.74383529176e-35,1.0,1.0,1.0,1.0,1.0,1.0,51.856367899
4940,0.0,1.41063668816e-31,9.74383529176e-35,1.0,1.0,1.0,1.0,1.0,1.0,51.960907268
4950,0.0,1.41063668816e-31,9.74383529176e-35,1.0,1.0,1.0,1.0,1.0,1.0,52.065366586
4960,0.0,1.41063668816e-31,9.74383529176e-35,1.0,1.0,1.0,1.0,1.0,1.0,52.169777871
4970,0.0,1.41063668816e-31,9.74383529176e-35,1.0,1.0,1.0,1.0,1.0,1.0,52.274225661
4980,4.9107377068e-35,2.11775707195e-31,9.74383529176e-35,1.0,1.0,1.0,1.0,1.0,1.0,52.37859745
4990,4.9107377068e-35,2.35778876186e-31,1.94876705835e-34,1.0,1.0,1.0,1.0,1.0,1.0,52.483102623
5000,0.0,1.41063668816e-31,9.74383529176e-35,1.0,1.0,1.0,1.0,1.0,1.0,52.587487536
