,x,y,target
0,23.80910301208496,-12.70295524597168,5.0
1,-8.863948822021484,5.3363471031188965,6.0
2,-10.799822807312012,28.925447463989258,6.0
3,-6.092800140380859,38.577598571777344,7.0
4,1.6735261678695679,33.76303482055664,6.0
5,5.982316493988037,-5.8157877922058105,6.0
6,1.901707649230957,-23.043787002563477,6.0
7,37.06589126586914,-25.33269500732422,5.0
8,-10.987427711486816,-30.955801010131836,3.0
9,3.2759015560150146,-9.279328346252441,5.0
10,-9.389974594116211,-12.762051582336426,6.0
11,-10.988056182861328,19.118619918823242,6.0
12,11.288622856140137,-29.410057067871094,5.0
13,-2.65063214302063,25.617778778076172,6.0
14,8.68113899230957,-21.298290252685547,5.0
15,12.195206642150879,-29.34419822692871,5.0
16,-8.381523132324219,4.840317249298096,5.0
17,24.38252830505371,-19.377334594726562,6.0
18,8.113389015197754,-18.509876251220703,5.0
19,16.32073402404785,-9.241944313049316,4.0
20,10.090279579162598,6.4539899826049805,4.0
21,2.9901020526885986,35.71257400512695,7.0
22,37.02766418457031,-19.5405330657959,5.0
23,37.856624603271484,-18.838062286376953,5.0
24,25.622501373291016,-5.753295421600342,5.0
25,14.514871597290039,18.140329360961914,6.0
26,23.294219970703125,-2.4494123458862305,5.0
27,-15.694563865661621,-15.35892391204834,6.0
28,-4.575923919677734,44.110511779785156,8.0
29,0.28052181005477905,5.641282081604004,6.0
30,6.3175048828125,-0.655733585357666,6.0
31,3.1373043060302734,36.75086212158203,6.0
32,-5.479920387268066,-9.048141479492188,6.0
33,18.139442443847656,35.50638961791992,5.0
34,-1.8907748460769653,-19.905193328857422,6.0
35,-34.20659255981445,7.59198522567749,6.0
36,-1.6987569332122803,-22.161134719848633,7.0
37,-23.413768768310547,29.748720169067383,6.0
38,-10.50160026550293,28.329633712768555,6.0
39,-2.1192104816436768,3.7395172119140625,5.0
40,-0.2921772003173828,4.120166301727295,5.0
41,8.079386711120605,23.27070426940918,5.0
42,-22.726919174194336,32.17374038696289,6.0
43,-16.10988426208496,-19.213533401489258,6.0
44,-20.233135223388672,3.1355841159820557,6.0
45,6.824268341064453,31.818470001220703,8.0
46,-15.600488662719727,-21.538463592529297,6.0
47,-2.8268613815307617,5.527283191680908,4.0
48,41.76112747192383,-17.11488914489746,6.0
49,21.01683235168457,8.573301315307617,6.0
50,-5.651634693145752,5.172274589538574,7.0
51,-21.52115821838379,36.25579071044922,6.0
52,25.98854637145996,-6.986900806427002,5.0
53,-9.329585075378418,-2.889965295791626,5.0
54,-1.9003818035125732,-40.24940490722656,6.0
55,42.01398468017578,-15.804469108581543,8.0
56,-2.183013916015625,-4.676534175872803,5.0
57,3.960460662841797,32.75929641723633,5.0
58,-19.254512786865234,35.03841018676758,6.0
59,10.571325302124023,-30.440561294555664,6.0
60,-7.2913899421691895,-15.831405639648438,5.0
61,-0.9895215034484863,5.682560443878174,5.0
62,0.880581259727478,9.680473327636719,5.0
63,19.309547424316406,17.036888122558594,6.0
64,-28.79979705810547,-34.02372360229492,7.0
65,-8.68213176727295,38.53919982910156,7.0
66,-23.231204986572266,34.471946716308594,6.0
67,31.266895294189453,-26.68602752685547,5.0
68,22.60997200012207,19.968017578125,6.0
69,-23.334287643432617,10.394293785095215,5.0
70,4.189011096954346,-9.06953239440918,6.0
71,-34.350616455078125,8.693026542663574,6.0
72,21.981969833374023,-15.878273963928223,5.0
73,27.46562385559082,-27.38066291809082,5.0
74,32.48200225830078,-10.91274642944336,5.0
75,-8.779701232910156,-2.8768467903137207,6.0
76,1.084213137626648,-0.4374038875102997,5.0
77,5.569385528564453,-28.368831634521484,5.0
78,-5.622337341308594,29.361242294311523,5.0
79,1.072813868522644,2.2182114124298096,6.0
80,13.92805004119873,16.51668357849121,6.0
81,18.824953079223633,35.51530075073242,7.0
82,28.734106063842773,-19.63493537902832,5.0
83,-24.891437530517578,23.162307739257812,5.0
84,-0.2611718475818634,4.9775285720825195,6.0
85,-7.190039157867432,13.114628791809082,6.0
86,19.321741104125977,-23.3983154296875,5.0
87,30.361713409423828,-25.668537139892578,5.0
88,14.354589462280273,13.428876876831055,7.0
89,-26.914453506469727,29.317447662353516,5.0
90,23.212316513061523,19.801700592041016,5.0
91,15.478275299072266,27.15497398376465,5.0
92,-28.894622802734375,-6.53951358795166,6.0
93,-31.839900970458984,-33.7161979675293,5.0
94,8.531866073608398,-15.7520751953125,6.0
95,18.587200164794922,-20.158790588378906,6.0
96,-14.140156745910645,-22.448848724365234,5.0
97,0.831222414970398,8.82264518737793,6.0
98,1.710261344909668,4.900056838989258,5.0
99,13.307884216308594,5.1774163246154785,6.0
100,33.49488067626953,-14.97203254699707,5.0
101,-21.10507583618164,15.3135347366333,6.0
102,12.84997272491455,-32.62721252441406,5.0
103,25.13877296447754,24.513811111450195,6.0
104,-2.360774517059326,-23.343093872070312,5.0
105,23.22003936767578,-11.856578826904297,5.0
106,33.77997970581055,-23.1555233001709,6.0
107,-20.185760498046875,-13.806761741638184,5.0
108,8.162189483642578,29.89238166809082,6.0
109,10.539663314819336,20.076560974121094,5.0
110,2.2505710124969482,1.7437480688095093,5.0
111,-10.147564888000488,-0.7960756421089172,6.0
112,28.49622917175293,-26.301822662353516,5.0
113,-30.241413116455078,-34.94337844848633,5.0
114,21.330047607421875,-16.203723907470703,5.0
115,8.654495239257812,19.759557723999023,6.0
116,12.093058586120605,-11.331401824951172,6.0
117,0.7606008052825928,-12.883984565734863,5.0
118,19.805387496948242,-19.339479446411133,5.0
119,26.097705841064453,-20.409940719604492,6.0
120,40.132110595703125,-16.423086166381836,7.0
121,-29.643102645874023,-2.716176748275757,4.0
122,-9.017614364624023,-12.235513687133789,5.0
123,2.4958813190460205,-3.808898687362671,6.0
124,-13.631771087646484,28.034343719482422,7.0
125,6.273138999938965,0.5111489295959473,5.0
126,-3.8641412258148193,7.891686916351318,5.0
127,30.36209487915039,-21.516845703125,5.0
128,17.627281188964844,28.32472801208496,6.0
129,-17.574405670166016,38.49730682373047,7.0
130,-4.378662109375,44.350852966308594,7.0
131,15.020634651184082,-25.957366943359375,5.0
132,11.301042556762695,21.53038215637207,6.0
133,-17.43734359741211,34.91870880126953,6.0
134,-2.4271490573883057,-33.1484260559082,5.0
135,-10.626644134521484,-11.902780532836914,6.0
136,28.61944007873535,-27.20332908630371,5.0
137,-14.056524276733398,43.00761413574219,7.0
138,20.347301483154297,-10.739130020141602,5.0
139,-6.46467924118042,41.51361846923828,7.0
140,20.465839385986328,17.277050018310547,6.0
141,25.688138961791992,-10.811643600463867,6.0
142,18.50507354736328,23.766096115112305,6.0
143,-26.281841278076172,25.33917999267578,4.0
144,-31.312644958496094,-7.216338157653809,7.0
145,-5.446909427642822,26.327028274536133,6.0
146,-15.949572563171387,-0.2042095810174942,6.0
147,-13.66555118560791,-8.110692024230957,6.0
148,-7.250589847564697,2.8074867725372314,6.0
149,2.607630968093872,16.103275299072266,5.0
150,11.64962387084961,-26.973379135131836,5.0
151,-12.702359199523926,34.95768737792969,7.0
152,-14.596799850463867,29.457962036132812,6.0
153,-0.010738168843090534,9.831954002380371,6.0
154,21.482574462890625,-24.76070785522461,5.0
155,-3.0530455112457275,28.35337257385254,6.0
156,3.8651785850524902,-28.536386489868164,6.0
157,7.951944828033447,-6.6824822425842285,6.0
158,-21.65631103515625,-19.76953887939453,4.0
159,-16.560102462768555,-2.48576021194458,5.0
160,22.436267852783203,-16.22886085510254,5.0
161,4.09263801574707,33.95705032348633,6.0
162,-10.97880744934082,31.16348648071289,8.0
163,-10.437949180603027,30.737545013427734,7.0
164,6.8991618156433105,38.07029724121094,7.0
165,18.713951110839844,-16.486631393432617,6.0
166,18.580158233642578,36.11479187011719,5.0
167,-33.02194595336914,-5.333817481994629,8.0
168,2.20383358001709,3.5393290519714355,5.0
169,19.091106414794922,26.1417179107666,7.0
170,18.346879959106445,-17.27229118347168,6.0
171,-22.211811065673828,33.718040466308594,6.0
172,4.4797186851501465,-20.700271606445312,5.0
173,4.179680824279785,39.124778747558594,6.0
174,-19.94672393798828,-0.29888013005256653,6.0
175,-9.033024787902832,22.40570068359375,6.0
176,-25.98876190185547,-10.783950805664062,6.0
177,32.91349792480469,-13.204142570495605,5.0
178,-4.681103229522705,11.700102806091309,7.0
179,0.24246859550476074,-6.3051958084106445,5.0
180,10.703476905822754,36.58802795410156,6.0
181,4.442635536193848,-25.000244140625,5.0
182,-25.32722282409668,31.328964233398438,7.0
183,14.606740951538086,28.70945167541504,6.0
184,-15.811137199401855,-26.453413009643555,5.0
185,4.491456031799316,15.657421112060547,6.0
186,-15.795517921447754,-9.826088905334473,4.0
187,21.159271240234375,-9.194979667663574,6.0
188,-13.020748138427734,-28.987764358520508,6.0
189,32.73780822753906,-11.863436698913574,6.0
190,-1.0697442293167114,14.283767700195312,6.0
191,22.693037033081055,-6.05679178237915,5.0
192,-17.63545799255371,9.60379409790039,5.0
193,-9.792998313903809,34.35183334350586,6.0
194,26.589828491210938,-17.299943923950195,5.0
195,-18.953140258789062,38.15575408935547,7.0
196,-19.046499252319336,6.665893077850342,5.0
197,-12.476242065429688,36.883544921875,6.0
198,21.854408264160156,-21.603410720825195,5.0
199,8.983619689941406,-31.35624122619629,6.0
200,-13.428672790527344,43.37317657470703,7.0
201,-6.741081237792969,-16.20854377746582,5.0
202,-19.989131927490234,13.69375991821289,7.0
203,-16.821718215942383,-19.205795288085938,6.0
204,-12.190827369689941,35.17744064331055,7.0
205,10.539663314819336,20.076560974121094,5.0
206,-32.40140914916992,11.132918357849121,5.0
207,0.5770239233970642,-14.446696281433105,5.0
208,5.526213645935059,45.02623748779297,6.0
209,-9.951798439025879,-4.442424774169922,5.0
210,-16.980623245239258,17.910390853881836,7.0
211,36.752342224121094,-30.649532318115234,6.0
212,18.092273712158203,-15.237131118774414,6.0
213,31.555519104003906,-18.667381286621094,5.0
214,-9.205793380737305,21.574871063232422,6.0
215,6.1501240730285645,23.336444854736328,6.0
216,-13.00358772277832,-17.63949203491211,4.0
217,-5.446909427642822,26.327028274536133,6.0
218,2.172513961791992,-6.512700080871582,6.0
219,-20.69348907470703,33.17709732055664,6.0
220,2.3295698165893555,12.963525772094727,6.0
221,1.7890194654464722,-7.243483066558838,6.0
222,2.942492961883545,-16.079662322998047,5.0
223,-1.8182166814804077,18.866565704345703,6.0
224,-0.5525994300842285,5.99092960357666,5.0
225,-15.829428672790527,-8.28895378112793,5.0
226,-23.174325942993164,-9.586004257202148,6.0
227,-31.337013244628906,-2.130676746368408,6.0
228,-24.31277084350586,34.21079635620117,5.0
229,3.935347080230713,13.92307186126709,6.0
230,-30.68295669555664,-31.07851791381836,5.0
231,15.862188339233398,36.684932708740234,7.0
232,-0.4607282280921936,-25.89776039123535,5.0
233,6.9519219398498535,-21.419897079467773,5.0
234,-15.12579345703125,-10.68993091583252,5.0
235,24.164697647094727,9.253005027770996,5.0
236,-0.8442149758338928,4.525425434112549,6.0
237,2.449385404586792,-28.78085708618164,5.0
238,-21.87997055053711,-9.643974304199219,5.0
239,-8.792253494262695,26.41341209411621,5.0
240,-26.1077938079834,-0.57840496301651,6.0
241,0.8201415538787842,-26.143373489379883,5.0
242,-7.963550567626953,41.104881286621094,7.0
243,14.906899452209473,26.84461784362793,6.0
244,-5.902707099914551,37.567752838134766,7.0
245,-16.58258056640625,38.469215393066406,7.0
246,-9.851455688476562,30.441606521606445,8.0
247,-14.213227272033691,32.31251907348633,6.0
248,7.622097969055176,19.84490966796875,6.0
249,-6.573185443878174,-0.33945733308792114,5.0
250,-0.5417002439498901,31.823253631591797,6.0
251,-25.511228561401367,-11.402390480041504,5.0
252,-29.00507164001465,28.678791046142578,5.0
253,14.55691146850586,20.030376434326172,6.0
254,-1.8411284685134888,-4.755125522613525,5.0
255,5.421663284301758,-5.148823261260986,6.0
256,12.309925079345703,39.210350036621094,5.0
257,7.32645845413208,-36.601688385009766,4.0
258,-32.09308624267578,20.505205154418945,5.0
259,9.646507263183594,25.063451766967773,7.0
260,7.594942092895508,17.953140258789062,6.0
261,-26.39812469482422,25.245241165161133,3.0
262,5.98036003112793,-3.2948508262634277,6.0
263,-0.08623369038105011,32.565940856933594,5.0
264,-7.302600383758545,-1.820804238319397,6.0
265,-13.594515800476074,-21.223230361938477,6.0
266,-26.52130126953125,-11.357305526733398,6.0
267,13.730350494384766,24.171960830688477,5.0
268,-7.011185646057129,5.447133541107178,5.0
269,1.8915716409683228,-25.463651657104492,5.0
270,0.7319270968437195,6.376988887786865,6.0
271,-22.695110321044922,9.69589900970459,5.0
272,-21.847753524780273,-14.43691635131836,7.0
273,-32.87828826904297,-6.161259651184082,6.0
274,-6.525375843048096,22.509170532226562,6.0
275,-26.626686096191406,21.09195899963379,6.0
276,17.66973114013672,20.92096710205078,6.0
277,13.534276008605957,15.415889739990234,5.0
278,-27.956056594848633,-12.31164836883545,5.0
279,16.439298629760742,29.80864143371582,6.0
280,-8.777276992797852,32.262245178222656,7.0
281,8.886219024658203,21.805007934570312,6.0
282,-20.783613204956055,-28.52303123474121,5.0
283,-22.777841567993164,26.302852630615234,6.0
284,33.5806999206543,-21.823545455932617,5.0
285,-30.981491088867188,-32.587059020996094,5.0
286,-9.171107292175293,-14.181718826293945,6.0
287,-30.07843589782715,-1.8619638681411743,6.0
288,-26.626096725463867,-8.624224662780762,6.0
289,-13.109169960021973,34.28211212158203,7.0
290,-7.891943454742432,26.92787742614746,7.0
291,30.5134220123291,-14.737383842468262,5.0
292,21.067461013793945,25.70578956604004,5.0
293,-0.7735139727592468,-30.878536224365234,6.0
294,15.878433227539062,-1.3137857913970947,5.0
295,30.901138305664062,-21.051424026489258,5.0
296,24.958858489990234,-17.12424087524414,5.0
297,-34.40732192993164,7.775101661682129,5.0
298,-23.492990493774414,14.280328750610352,6.0
299,-16.560251235961914,-2.485321283340454,5.0
300,-1.822691559791565,-32.73447799682617,5.0
301,-10.068382263183594,-14.953083992004395,5.0
302,-20.819944381713867,-28.51976776123047,5.0
303,-10.513723373413086,33.05681228637695,7.0
304,1.186131238937378,-19.22599983215332,5.0
305,7.259735107421875,-23.27075958251953,5.0
306,-28.60123634338379,-32.990997314453125,6.0
307,7.266166687011719,23.968475341796875,6.0
308,6.618185520172119,-18.347734451293945,5.0
309,17.847614288330078,32.28324890136719,5.0
310,1.2658236026763916,34.57937240600586,6.0
311,3.1306891441345215,26.445724487304688,6.0
312,17.201257705688477,30.773109436035156,6.0
313,1.8586409091949463,-12.291255950927734,5.0
314,-15.694596290588379,-15.35903549194336,6.0
315,18.115489959716797,35.98313522338867,5.0
316,-3.6824088096618652,-19.921192169189453,5.0
317,3.0943779945373535,-11.584549903869629,5.0
318,-4.588944911956787,30.545204162597656,6.0
319,-21.209339141845703,-29.871994018554688,4.0
320,-17.39959144592285,34.0671272277832,6.0
321,-27.721261978149414,27.254344940185547,4.0
322,0.04271698743104935,41.93265914916992,6.0
323,2.331044912338257,18.932958602905273,6.0
324,0.5504099726676941,39.88256072998047,7.0
325,-27.744598388671875,24.518369674682617,6.0
326,-13.570554733276367,38.3825569152832,5.0
327,-1.7179956436157227,-21.066177368164062,6.0
328,1.9971271753311157,-17.567232131958008,6.0
329,-16.111942291259766,33.668113708496094,7.0
330,11.823410987854004,-8.13943862915039,5.0
331,6.227903366088867,-7.5748209953308105,5.0
332,25.296432495117188,-18.494205474853516,5.0
333,-17.534826278686523,37.84337615966797,6.0
334,26.163774490356445,-25.58652687072754,5.0
335,-24.133058547973633,-31.14518928527832,3.0
336,3.5708422660827637,-20.239402770996094,6.0
337,9.019244194030762,2.584263563156128,6.0
338,-11.028517723083496,37.50042724609375,6.0
339,-16.62350845336914,-25.25379753112793,4.0
340,0.2809858024120331,15.96353816986084,5.0
341,2.9038054943084717,9.24976921081543,5.0
342,-18.385190963745117,11.31806755065918,5.0
343,6.875670909881592,-3.77579402923584,6.0
344,-7.689426422119141,-12.763151168823242,6.0
345,-0.2325219362974167,-10.011056900024414,5.0
346,-6.462926864624023,34.72026824951172,6.0
347,-29.86326789855957,24.726417541503906,5.0
348,23.192922592163086,24.87851905822754,5.0
349,4.468047142028809,-27.716577529907227,5.0
350,9.731538772583008,-4.410756587982178,4.0
351,8.812335968017578,17.672029495239258,6.0
352,-10.784173011779785,-27.625741958618164,4.0
353,42.59512710571289,-20.720216751098633,7.0
354,-3.783487319946289,44.021949768066406,7.0
355,-5.562201023101807,-24.29938507080078,5.0
356,-28.19283676147461,-6.814806938171387,6.0
357,-18.908069610595703,-28.993873596191406,7.0
358,-30.466510772705078,-5.496577739715576,5.0
359,21.305837631225586,-21.719873428344727,5.0
360,-14.337121963500977,-8.5730562210083,5.0
361,15.187483787536621,-16.23897933959961,5.0
362,-15.178544044494629,-9.841352462768555,6.0
363,26.000988006591797,-23.011247634887695,5.0
364,27.32317543029785,-18.927196502685547,5.0
365,27.38840675354004,-28.302003860473633,5.0
366,-15.738527297973633,28.544593811035156,7.0
367,-7.603573322296143,35.246395111083984,6.0
368,-22.841320037841797,-22.065534591674805,5.0
369,-0.6523165106773376,-38.215423583984375,5.0
370,24.241655349731445,-3.698887348175049,5.0
371,10.851819038391113,28.090532302856445,6.0
372,-2.781261682510376,14.18996524810791,6.0
373,-24.28693389892578,-2.524733781814575,6.0
374,4.345505237579346,15.442387580871582,6.0
375,20.357404708862305,26.19530487060547,6.0
376,16.117753982543945,-9.676338195800781,6.0
377,27.52094268798828,-25.76288414001465,5.0
378,18.814842224121094,30.676589965820312,6.0
379,-29.381546020507812,24.378192901611328,6.0
380,21.96190071105957,-26.223163604736328,5.0
381,-9.496603012084961,25.98902130126953,7.0
382,-9.538496017456055,29.543701171875,6.0
383,-30.465972900390625,-5.496324062347412,5.0
384,-20.15900230407715,9.46989917755127,5.0
385,-10.132735252380371,-29.042577743530273,6.0
386,-14.804434776306152,-13.803009986877441,7.0
387,-29.211498260498047,-32.5972785949707,5.0
388,-10.132735252380371,-29.04257583618164,6.0
389,5.625861644744873,37.8536376953125,7.0
390,-23.67747688293457,22.39848518371582,5.0
391,32.38306427001953,-14.35831356048584,5.0
392,-27.013273239135742,21.780397415161133,7.0
393,5.29360818862915,22.347158432006836,7.0
394,1.7493464946746826,-34.377525329589844,6.0
395,21.583242416381836,17.920448303222656,5.0
396,42.59599685668945,-20.720054626464844,7.0
397,-2.0506036281585693,14.221685409545898,6.0
398,15.041947364807129,32.86253356933594,6.0
399,17.899484634399414,8.05143928527832,5.0
400,-20.14130210876465,-6.686270713806152,6.0
401,-17.523496627807617,12.48900318145752,7.0
402,9.086234092712402,1.3876407146453857,5.0
403,6.3621954917907715,-17.365039825439453,5.0
404,20.88458251953125,19.112756729125977,6.0
405,35.839481353759766,-30.43284034729004,5.0
406,-21.500213623046875,25.21070098876953,7.0
407,-24.502914428710938,-0.16251815855503082,6.0
408,-17.398624420166016,5.039729118347168,6.0
409,-12.860669136047363,35.330074310302734,7.0
410,11.964690208435059,-31.866052627563477,6.0
411,-10.18732738494873,-13.791407585144043,6.0
412,17.904464721679688,0.120167076587677,5.0
413,27.22901153564453,-21.035568237304688,5.0
414,23.978086471557617,-3.325465679168701,5.0
415,12.436605453491211,-25.810752868652344,5.0
416,35.828243255615234,-29.347021102905273,5.0
417,8.597163200378418,33.74586486816406,6.0
418,5.578436851501465,35.078208923339844,7.0
419,-5.040399551391602,-19.809532165527344,5.0
420,5.651309967041016,44.624732971191406,7.0
421,0.7919409275054932,-6.113673210144043,5.0
422,-24.832380294799805,26.887048721313477,5.0
423,-3.585209369659424,26.60184669494629,6.0
424,1.6829513311386108,29.050457000732422,7.0
425,-8.460025787353516,-15.120834350585938,7.0
426,5.740258693695068,16.86899185180664,6.0
427,27.225685119628906,-25.29906463623047,5.0
428,24.028120040893555,-18.926647186279297,5.0
429,5.684449672698975,-27.761714935302734,6.0
430,15.862346649169922,36.6846923828125,7.0
431,7.047370433807373,22.816675186157227,7.0
432,-7.040696620941162,4.151188850402832,6.0
433,11.055295944213867,36.351749420166016,5.0
434,-31.594423294067383,-8.188446044921875,7.0
435,-4.04077672958374,29.60541534423828,6.0
436,20.721416473388672,28.344043731689453,5.0
437,15.083908081054688,-20.696256637573242,5.0
438,18.764589309692383,6.729054927825928,4.0
439,-29.904714584350586,-33.326507568359375,5.0
440,7.981970310211182,-12.793916702270508,5.0
441,8.596120834350586,-9.46864128112793,6.0
442,0.470829576253891,3.449798345565796,5.0
443,21.583080291748047,30.749103546142578,4.0
444,16.41120147705078,9.526897430419922,5.0
445,8.115232467651367,-21.686079025268555,6.0
446,18.19820213317871,-24.576675415039062,5.0
447,34.177215576171875,-21.15627098083496,5.0
448,16.22856903076172,13.552611351013184,7.0
449,-23.162771224975586,9.084270477294922,5.0
450,16.404212951660156,24.214313507080078,6.0
451,19.008420944213867,18.295692443847656,6.0
452,-8.969186782836914,-16.108600616455078,6.0
453,32.4304313659668,-12.624323844909668,5.0
454,-16.98080825805664,17.91065788269043,7.0
455,7.0473713874816895,22.8169002532959,7.0
456,1.803716778755188,26.5753116607666,5.0
457,-4.098634719848633,-21.4477596282959,5.0
458,-28.58454132080078,21.27147674560547,6.0
459,-13.227028846740723,27.846765518188477,7.0
460,-2.1631457805633545,32.38566207885742,6.0
461,-7.857882976531982,-19.329574584960938,5.0
462,-18.0921630859375,-12.908791542053223,5.0
463,4.635501861572266,15.358283996582031,6.0
464,-31.069536209106445,-34.9251594543457,5.0
465,-26.7148380279541,-12.239505767822266,7.0
466,7.286633491516113,-25.894445419311523,5.0
467,5.626951217651367,37.854576110839844,7.0
468,20.004169464111328,20.106386184692383,5.0
469,4.461500644683838,44.257408142089844,6.0
470,-1.9336436986923218,-35.67864990234375,6.0
471,-5.82796049118042,27.188762664794922,7.0
472,10.018172264099121,-13.560699462890625,5.0
473,15.489092826843262,10.36283016204834,5.0
474,17.847734451293945,32.283199310302734,5.0
475,-1.1081054210662842,-27.420021057128906,5.0
476,-12.332420349121094,-27.64467430114746,5.0
477,0.04257771745324135,41.932716369628906,6.0
478,-2.4765779972076416,37.284889221191406,6.0
479,19.66693878173828,28.21125030517578,6.0
480,16.86590576171875,-18.541324615478516,6.0
481,-0.8209266066551208,8.802079200744629,6.0
482,1.6070356369018555,27.47228240966797,7.0
483,-13.455354690551758,-13.808576583862305,6.0
484,-13.085488319396973,28.888521194458008,7.0
485,33.015132904052734,-11.946388244628906,6.0
486,7.7978105545043945,-5.270421504974365,6.0
487,14.124035835266113,36.43236541748047,6.0
488,-13.183926582336426,-21.044404983520508,5.0
489,-22.367820739746094,-26.48680305480957,5.0
490,-15.837008476257324,-16.514741897583008,6.0
491,-19.77908706665039,-19.74462127685547,6.0
492,-24.485925674438477,31.454383850097656,5.0
493,6.273258209228516,0.5111469030380249,5.0
494,-16.76046371459961,37.684444427490234,7.0
495,-4.940777778625488,-26.030614852905273,5.0
496,-25.128915786743164,10.213456153869629,5.0
497,0.23102271556854248,-21.098102569580078,5.0
498,-11.414189338684082,-15.128602027893066,7.0
499,3.837299108505249,-33.28324508666992,6.0
500,-18.734760284423828,10.583327293395996,5.0
501,-30.43661880493164,-34.191654205322266,5.0
502,-16.765045166015625,-16.466032028198242,6.0
503,4.118985652923584,21.582868576049805,8.0
504,7.748610973358154,-2.36051344871521,6.0
505,-7.1596856117248535,-26.10291290283203,5.0
506,-24.577268600463867,-0.09914911538362503,6.0
507,20.67418098449707,-7.3120341300964355,4.0
508,17.532081604003906,-2.229464292526245,5.0
509,-0.27830150723457336,-17.455869674682617,6.0
510,-32.13139724731445,20.380037307739258,5.0
511,-24.089818954467773,-7.210109233856201,6.0
512,-10.664385795593262,-15.67072582244873,6.0
513,-1.2360080480575562,-14.873111724853516,6.0
514,-9.665624618530273,4.946979522705078,6.0
515,-20.904434204101562,-6.081322193145752,6.0
516,-21.45504379272461,13.396546363830566,6.0
517,15.02035903930664,-25.95730972290039,5.0
518,-14.62039852142334,0.6814020872116089,5.0
519,9.955076217651367,6.701580047607422,5.0
520,0.7650858759880066,-36.6113395690918,5.0
521,-24.26882553100586,28.835411071777344,6.0
522,-2.560650110244751,-3.7509758472442627,6.0
523,-33.16105651855469,-6.370998382568359,6.0
524,1.436760425567627,8.806843757629395,5.0
525,7.939136028289795,0.22298918664455414,5.0
526,9.149922370910645,-20.920255661010742,5.0
527,14.321971893310547,-5.722925186157227,5.0
528,8.110726356506348,-1.5185266733169556,5.0
529,4.650115489959717,36.16374969482422,7.0
530,9.225579261779785,29.425243377685547,6.0
531,-16.219057083129883,-20.5001220703125,6.0
532,18.491230010986328,-21.916215896606445,5.0
533,-1.9252874851226807,-26.671064376831055,5.0
534,29.34288215637207,-25.86789894104004,5.0
535,-3.256673574447632,36.00260925292969,6.0
536,30.56087303161621,-26.94112205505371,5.0
537,24.097543716430664,26.507274627685547,7.0
538,1.973235011100769,-36.85337829589844,7.0
539,5.211555480957031,2.731504440307617,5.0
540,19.08325958251953,33.17442321777344,6.0
541,31.06788444519043,3.009363889694214,5.0
542,22.21434211730957,-10.799692153930664,5.0
543,3.137307643890381,36.75086212158203,6.0
544,4.531346321105957,4.423863410949707,5.0
545,8.669142723083496,-5.735876560211182,5.0
546,-2.2833166122436523,-15.05971622467041,5.0
547,-8.018255233764648,-24.266115188598633,4.0
548,1.1896014213562012,-18.53516960144043,5.0
549,-18.67368507385254,32.199623107910156,6.0
550,-24.576875686645508,12.761892318725586,6.0
551,-7.689267158508301,-12.761519432067871,6.0
552,33.819602966308594,-18.30863380432129,6.0
553,-14.793210983276367,43.1649284362793,6.0
554,4.624780654907227,-12.943822860717773,4.0
555,17.895315170288086,-15.735730171203613,4.0
556,11.301342964172363,-17.768985748291016,6.0
557,1.4516634941101074,-32.88243865966797,5.0
558,23.315507888793945,-18.41661262512207,5.0
559,-31.081069946289062,-33.799583435058594,5.0
560,20.242956161499023,31.757532119750977,5.0
561,-17.523496627807617,12.48900318145752,7.0
562,1.2357869148254395,-5.1041083335876465,5.0
563,21.502321243286133,-5.379566669464111,5.0
564,-2.062164545059204,-11.397430419921875,6.0
565,0.05556238070130348,-20.063722610473633,6.0
566,-6.075750350952148,-21.232229232788086,6.0
567,4.639925956726074,0.9139872789382935,5.0
568,1.9732348918914795,-36.85337829589844,7.0
569,4.596322059631348,35.241661071777344,7.0
570,-2.9346678256988525,27.671382904052734,7.0
571,-22.84136962890625,-22.065597534179688,5.0
572,-6.742325782775879,12.097865104675293,6.0
573,-16.59699821472168,29.303762435913086,7.0
574,30.893564224243164,-12.752989768981934,6.0
575,18.34620475769043,-17.272043228149414,6.0
576,8.604080200195312,-35.84878158569336,5.0
577,30.89356231689453,-12.752989768981934,6.0
578,4.6272873878479,-1.574430227279663,5.0
579,-2.7999484539031982,-11.85604476928711,5.0
580,12.158209800720215,-12.458724021911621,5.0
581,19.9892635345459,21.829673767089844,5.0
582,-0.5676117539405823,-1.081539511680603,5.0
583,-31.106752395629883,-1.8696695566177368,7.0
584,26.227474212646484,-19.275787353515625,5.0
585,32.82184982299805,-25.617212295532227,5.0
586,-24.96854591369629,-1.9811948537826538,6.0
587,-6.867007732391357,-15.584267616271973,5.0
588,11.726354598999023,-14.588977813720703,5.0
589,18.583005905151367,30.445127487182617,6.0
590,25.692787170410156,-11.75511646270752,5.0
591,-24.868148803710938,33.86153793334961,5.0
592,25.39043426513672,-26.558176040649414,5.0
593,-4.018844127655029,-34.685203552246094,4.0
594,35.702999114990234,-28.73892593383789,5.0
595,23.982500076293945,-8.264187812805176,5.0
596,17.23261260986328,-1.5768918991088867,5.0
597,8.76305103302002,-3.978548288345337,5.0
598,-23.58673667907715,15.352278709411621,5.0
599,35.426353454589844,-20.56083106994629,5.0
600,9.704324722290039,-23.03825569152832,6.0
601,-1.4267377853393555,-9.807319641113281,6.0
602,-9.043864250183105,21.53374481201172,6.0
603,-9.430939674377441,20.616369247436523,6.0
604,19.30953598022461,17.03705406188965,6.0
605,-1.9209970235824585,-35.56315994262695,6.0
606,1.6617257595062256,4.423884868621826,5.0
607,1.9031850099563599,-30.336809158325195,6.0
608,-5.638518333435059,31.32668113708496,6.0
609,-0.3337509334087372,1.5620957612991333,6.0
610,5.282812595367432,42.54835510253906,6.0
611,-19.755168914794922,-2.2708990573883057,6.0
612,-1.4246433973312378,36.7181510925293,8.0
613,-28.618072509765625,-4.869560241699219,6.0
614,-6.622027397155762,10.775812149047852,6.0
615,-2.8304011821746826,31.698299407958984,6.0
616,12.628180503845215,-11.506124496459961,5.0
617,-31.036174774169922,21.736690521240234,5.0
618,22.2142391204834,19.311670303344727,6.0
619,16.879451751708984,28.518220901489258,6.0
620,31.152557373046875,-22.335067749023438,5.0
621,10.598881721496582,-31.462526321411133,6.0
622,-0.6829097270965576,-39.866519927978516,6.0
623,-13.570528984069824,38.38258361816406,5.0
624,21.159273147583008,-9.194979667663574,6.0
625,2.1321394443511963,19.755462646484375,5.0
626,27.258325576782227,0.26903054118156433,6.0
627,2.456735849380493,27.80316734313965,7.0
628,-21.067747116088867,-19.95231056213379,5.0
629,-21.754804611206055,11.365534782409668,6.0
630,17.399477005004883,14.619111061096191,6.0
631,-2.8254196643829346,2.9227049350738525,6.0
632,-20.4429988861084,-4.3106584548950195,5.0
633,20.79140281677246,19.75409507751465,5.0
634,16.404212951660156,24.214313507080078,6.0
635,-11.637496948242188,-30.41860580444336,4.0
636,29.858407974243164,-24.285078048706055,5.0
637,-24.22608184814453,-29.008623123168945,5.0
638,21.934059143066406,29.920379638671875,6.0
639,-27.495121002197266,-5.729037761688232,5.0
640,21.39799690246582,-11.962568283081055,6.0
641,23.668272018432617,28.977828979492188,6.0
642,1.2102380990982056,-26.259023666381836,5.0
643,0.19337795674800873,16.831298828125,5.0
644,-17.049245834350586,31.805566787719727,6.0
645,-10.231246948242188,-0.04921534284949303,6.0
646,2.7472074031829834,-5.073629856109619,6.0
647,2.1872177124023438,10.363017082214355,6.0
648,2.0243184566497803,-35.05756759643555,6.0
649,22.737991333007812,-9.560510635375977,6.0
650,22.225221633911133,-6.506031036376953,5.0
651,-1.818436622619629,18.866867065429688,6.0
652,2.930738925933838,-32.49460220336914,6.0
653,-21.45504379272461,13.396546363830566,6.0
654,3.837299108505249,-33.28324508666992,6.0
655,-1.6476532220840454,-12.816335678100586,5.0
656,12.019484519958496,-24.584213256835938,6.0
657,6.266322135925293,33.54630661010742,7.0
658,-2.421443462371826,-9.498943328857422,5.0
659,6.731062412261963,-4.389294147491455,5.0
660,-17.90462875366211,32.97388458251953,6.0
661,-17.13216781616211,-24.88576889038086,3.0
662,6.764030933380127,21.63715934753418,6.0
663,-0.9569200873374939,-21.7432804107666,5.0
664,3.7499351501464844,-21.439006805419922,5.0
665,-2.558232545852661,8.221023559570312,5.0
666,28.464107513427734,-19.494029998779297,5.0
667,-21.666715621948242,-4.257909774780273,5.0
668,-2.769909381866455,5.181890487670898,6.0
669,1.670608401298523,16.036762237548828,6.0
670,7.004735469818115,8.038985252380371,6.0
671,9.065699577331543,-12.73511028289795,5.0
672,-31.036298751831055,21.73668670654297,5.0
673,31.524215698242188,-24.9492130279541,5.0
674,11.823410987854004,-8.13943862915039,5.0
675,-24.561603546142578,14.172080993652344,5.0
676,-1.9003818035125732,-40.24940490722656,6.0
677,-0.6523165106773376,-38.215423583984375,5.0
678,1.734779715538025,-10.816225051879883,5.0
679,23.333560943603516,-10.736540794372559,5.0
680,-17.033626556396484,30.328296661376953,6.0
681,12.240612983703613,-16.784683227539062,4.0
682,-20.798233032226562,-1.102286696434021,6.0
683,-19.809009552001953,4.3307905197143555,6.0
684,27.2843074798584,-23.45999526977539,6.0
685,-12.768505096435547,-25.584177017211914,5.0
686,21.25075912475586,-19.667409896850586,5.0
687,9.152120590209961,27.77872085571289,7.0
688,-28.986385345458984,-11.353375434875488,8.0
689,-30.473222732543945,28.653562545776367,6.0
690,13.113585472106934,-15.000177383422852,5.0
691,29.198688507080078,-23.138629913330078,5.0
692,0.5794057250022888,-12.143441200256348,6.0
693,25.945228576660156,-26.77574348449707,5.0
694,-1.5169700384140015,-38.53556442260742,5.0
695,-20.7085018157959,-14.756677627563477,6.0
696,-34.27165603637695,8.717957496643066,6.0
697,20.357681274414062,26.196468353271484,6.0
698,27.773950576782227,-20.901899337768555,6.0
699,-22.211820602416992,33.71821212768555,6.0
700,-11.72179889678955,-13.73801326751709,6.0
701,-4.000982761383057,-32.59621810913086,4.0
702,5.5931291580200195,-26.98569679260254,5.0
703,7.9903693199157715,-34.85070037841797,6.0
704,-7.303118705749512,-1.8206851482391357,6.0
705,-20.54167938232422,-21.34697723388672,4.0
706,16.353633880615234,23.26903533935547,6.0
707,4.521490573883057,-26.872377395629883,5.0
708,17.123687744140625,-25.26552391052246,5.0
709,17.384742736816406,-18.291038513183594,4.0
710,0.4312863051891327,-32.79490280151367,5.0
711,-14.169180870056152,1.0576424598693848,5.0
712,-32.55013656616211,10.9282808303833,5.0
713,-21.385066986083984,-18.99703025817871,6.0
714,-4.558974742889404,-9.106964111328125,5.0
715,-11.799214363098145,-20.72161865234375,5.0
716,-7.187443733215332,30.46256446838379,6.0
717,24.31888198852539,25.227949142456055,7.0
718,-6.140607833862305,-8.760883331298828,6.0
719,-26.540327072143555,-12.267653465270996,7.0
720,-20.233068466186523,3.1355597972869873,6.0
721,26.85027503967285,-28.47127914428711,5.0
722,-7.2505879402160645,2.807465076446533,6.0
723,24.76706314086914,-18.144550323486328,5.0
724,21.56662940979004,24.536882400512695,5.0
725,6.404609680175781,36.367191314697266,6.0
726,-20.470666885375977,-29.248668670654297,5.0
727,-31.990324020385742,-33.14056396484375,5.0
728,12.659684181213379,24.124542236328125,6.0
729,0.7961633801460266,-25.504356384277344,5.0
730,4.990170955657959,-26.781103134155273,5.0
731,2.253974437713623,-15.094863891601562,5.0
732,5.81487512588501,-12.755594253540039,6.0
733,14.374122619628906,36.247642517089844,6.0
734,-5.488668441772461,30.423805236816406,6.0
735,18.908748626708984,10.635795593261719,5.0
736,23.128076553344727,30.00482940673828,5.0
737,0.62589031457901,32.7880859375,7.0
738,-18.80112648010254,-1.5155425071716309,6.0
739,-10.089126586914062,19.464427947998047,6.0
740,35.50334548950195,-24.846555709838867,5.0
741,-8.696220397949219,-24.61676597595215,5.0
742,-8.667378425598145,-23.481815338134766,5.0
743,7.644108295440674,20.809734344482422,7.0
744,-22.214885711669922,-10.622769355773926,7.0
745,10.520136833190918,-3.2060115337371826,5.0
746,-21.28031349182129,-7.082643508911133,6.0
747,4.767958164215088,-28.00691795349121,5.0
748,4.367870330810547,-13.935067176818848,5.0
749,-21.576982498168945,11.863572120666504,6.0
750,33.491432189941406,-21.58617401123047,5.0
751,-2.0266308784484863,1.2038908004760742,6.0
752,-16.387075424194336,31.31180191040039,7.0
753,-23.570005416870117,-8.736084938049316,6.0
754,20.816030502319336,24.497962951660156,6.0
755,-0.6738219261169434,36.53376770019531,7.0
756,-30.750829696655273,-30.93512535095215,5.0
757,-4.401708126068115,11.964580535888672,7.0
758,-5.580117225646973,41.21099853515625,6.0
759,18.36866569519043,0.40641430020332336,6.0
760,23.243661880493164,-19.687641143798828,6.0
761,-1.29514479637146,3.2481961250305176,5.0
762,15.848282814025879,-17.115007400512695,5.0
763,-22.145492553710938,25.633764266967773,6.0
764,4.274082183837891,2.545626163482666,5.0
765,3.921828269958496,-24.164987564086914,4.0
766,-11.434231758117676,35.78113555908203,7.0
767,-11.442054748535156,-28.1573429107666,5.0
768,-17.632122039794922,-14.747784614562988,4.0
769,-14.520553588867188,-12.797104835510254,6.0
770,-2.062164545059204,-11.397430419921875,6.0
771,-2.94948148727417,32.49541473388672,6.0
772,-16.40723991394043,-21.457504272460938,4.0
773,17.24811553955078,7.051283836364746,6.0
774,-16.465972900390625,-1.574539303779602,5.0
775,-11.442070960998535,-28.157331466674805,5.0
776,-2.217761516571045,34.07665252685547,7.0
777,-13.471780776977539,12.707748413085938,5.0
778,-3.86541748046875,7.8932929039001465,5.0
779,-23.27318572998047,12.45567798614502,6.0
780,0.9299117922782898,-33.683841705322266,6.0
781,-26.766101837158203,27.995529174804688,5.0
782,-32.1144905090332,-5.901036262512207,7.0
783,-3.116093635559082,-23.896331787109375,5.0
784,-2.35512375831604,-5.4090352058410645,5.0
785,3.8041322231292725,-18.743572235107422,6.0
786,-24.744792938232422,35.11461639404297,7.0
787,25.688032150268555,-10.81174373626709,6.0
788,-27.733314514160156,28.267135620117188,5.0
789,32.08345413208008,-24.144981384277344,5.0
790,-18.0587215423584,31.307781219482422,7.0
791,1.8706750869750977,27.672183990478516,4.0
792,17.23261260986328,-1.5768920183181763,5.0
793,30.467267990112305,-20.138378143310547,5.0
794,1.0917216539382935,19.98338508605957,6.0
795,-30.493589401245117,28.651878356933594,5.0
796,-16.765043258666992,-16.466032028198242,6.0
797,14.230347633361816,14.35600757598877,6.0
798,11.82642936706543,22.81599998474121,5.0
799,10.520136833190918,-3.2060115337371826,5.0
800,-13.292996406555176,-15.907075881958008,6.0
801,-16.884443283081055,-4.066743850708008,6.0
802,-1.7882393598556519,-37.62086486816406,5.0
803,3.1019883155822754,33.45677947998047,6.0
804,0.7747021913528442,-34.03443145751953,6.0
805,-30.726375579833984,-33.1663932800293,5.0
806,20.532989501953125,17.061628341674805,6.0
807,12.6566743850708,26.175018310546875,7.0
808,22.460641860961914,17.45311164855957,5.0
809,6.338830471038818,-35.83038330078125,6.0
810,-18.801124572753906,-1.5155421495437622,6.0
811,-3.086191415786743,-21.41808319091797,6.0
812,18.129087448120117,19.443147659301758,6.0
813,29.500253677368164,-23.213695526123047,5.0
814,21.677738189697266,-19.936355590820312,5.0
815,-22.470701217651367,-7.595888614654541,5.0
816,31.038721084594727,-14.979768753051758,5.0
817,-24.66216468811035,-30.676048278808594,6.0
818,-13.5215482711792,-32.813289642333984,6.0
819,35.72737503051758,-28.755191802978516,5.0
820,22.54684829711914,17.911165237426758,5.0
821,-6.200596332550049,29.761808395385742,6.0
822,9.163521766662598,-8.87731647491455,6.0
823,11.222983360290527,19.840866088867188,6.0
824,-9.671847343444824,27.64137077331543,5.0
825,11.288705825805664,-29.410099029541016,5.0
826,0.5414100885391235,-31.601016998291016,5.0
827,-5.032689094543457,28.590330123901367,6.0
828,-0.6052731275558472,0.8571730256080627,5.0
829,-24.718589782714844,22.1422061920166,6.0
830,9.003411293029785,-0.8473947644233704,5.0
831,24.517175674438477,9.796792030334473,5.0
832,16.890148162841797,12.684157371520996,6.0
833,4.854393005371094,31.942380905151367,6.0
834,-5.9029412269592285,37.5677375793457,7.0
835,-23.162771224975586,9.084270477294922,5.0
836,7.9390645027160645,0.22354808449745178,5.0
837,-10.120140075683594,35.74420166015625,7.0
838,-16.6300048828125,-24.65657615661621,3.0
839,-2.672044515609741,-15.232244491577148,5.0
840,-26.626787185668945,21.091541290283203,6.0
841,-13.729016304016113,-29.0941104888916,5.0
842,-19.962017059326172,8.522171020507812,5.0
843,40.59547424316406,-17.31575584411621,6.0
844,-20.98809814453125,-15.7268705368042,6.0
845,-11.9345064163208,34.625938415527344,7.0
846,-19.45948028564453,6.932011127471924,7.0
847,-19.297714233398438,35.49602127075195,7.0
848,20.219526290893555,-20.50530242919922,5.0
849,17.834169387817383,9.099926948547363,5.0
850,10.821401596069336,-3.5017201900482178,5.0
851,-14.75298023223877,38.696441650390625,6.0
852,-27.88627052307129,-8.557551383972168,8.0
853,24.795936584472656,10.969230651855469,4.0
854,6.952085494995117,-21.421232223510742,5.0
855,-1.205651879310608,39.672157287597656,6.0
856,32.780235290527344,-19.601974487304688,5.0
857,-25.12900161743164,10.213462829589844,5.0
858,12.676423072814941,36.85877990722656,7.0
859,6.8271684646606445,-6.048865795135498,6.0
860,27.3634090423584,-17.397878646850586,5.0
861,13.440299987792969,-15.8781099319458,5.0
862,-25.507244110107422,-15.592428207397461,7.0
863,-13.22672176361084,-34.76541519165039,5.0
864,6.8823347091674805,-10.064043045043945,5.0
865,-12.065876960754395,32.687252044677734,5.0
866,23.118364334106445,22.365890502929688,7.0
867,-17.334781646728516,9.703836441040039,5.0
868,19.359554290771484,7.874032974243164,5.0
869,-6.141252040863037,41.21581268310547,7.0
870,35.98239517211914,-25.077117919921875,5.0
871,-1.1002064943313599,-12.200923919677734,5.0
872,41.247840881347656,-16.46744728088379,6.0
873,23.66887092590332,28.978172302246094,6.0
874,2.4441215991973877,6.09242057800293,6.0
875,0.5573633313179016,33.62543487548828,6.0
876,5.598808765411377,-25.062702178955078,5.0
877,-17.384403228759766,-19.848587036132812,7.0
878,-1.3309122323989868,40.39268112182617,6.0
879,-19.84775161743164,-6.192019939422607,6.0
880,5.404483318328857,-21.711849212646484,5.0
881,-28.70802116394043,-9.503652572631836,6.0
882,31.73958396911621,-15.910194396972656,5.0
883,-4.168483734130859,24.86762809753418,6.0
884,-6.840970516204834,-25.793956756591797,5.0
885,18.696762084960938,23.881071090698242,5.0
886,-14.213297843933105,32.31254577636719,6.0
887,9.55800724029541,-0.39359012246131897,5.0
888,-23.564762115478516,-3.1741414070129395,5.0
889,23.128076553344727,30.00482940673828,5.0
890,-28.349082946777344,-2.9111878871917725,6.0
891,-13.094508171081543,42.32029342651367,6.0
892,14.05156135559082,-26.195077896118164,5.0
893,-25.7299747467041,-7.967207431793213,7.0
894,-13.374670028686523,30.921092987060547,6.0
895,-13.61237621307373,-33.73617172241211,6.0
896,20.75886344909668,7.878933429718018,5.0
897,-7.267305850982666,-16.39601707458496,5.0
898,10.055601119995117,29.183494567871094,6.0
899,7.786873817443848,33.73500442504883,5.0
900,-2.132690668106079,-24.629728317260742,5.0
901,-15.556757926940918,-20.876420974731445,6.0
902,-31.089590072631836,-36.01953125,5.0
903,24.925630569458008,-23.926300048828125,5.0
904,-0.2680359482765198,40.476585388183594,7.0
905,2.650080442428589,9.199504852294922,5.0
906,-34.70676803588867,9.365691184997559,5.0
907,5.394857406616211,-17.819625854492188,6.0
908,22.731685638427734,7.975205898284912,5.0
909,22.013097763061523,-8.072821617126465,6.0
910,40.13215255737305,-16.423086166381836,7.0
911,-14.091621398925781,-18.485095977783203,5.0
912,-0.8692086935043335,41.80123519897461,6.0
913,13.344029426574707,5.153895378112793,3.0
914,-3.4893529415130615,2.657177686691284,5.0
915,-23.527013778686523,-21.332483291625977,6.0
916,-0.44060319662094116,-34.62200164794922,5.0
917,-11.91038990020752,-13.826900482177734,6.0
918,25.328046798706055,-24.096895217895508,5.0
919,0.23699362576007843,-33.04408645629883,5.0
920,-7.685883522033691,-18.617923736572266,5.0
921,-3.863007068634033,25.19940948486328,6.0
922,-17.334781646728516,9.703836441040039,5.0
923,32.48628234863281,-24.054162979125977,5.0
924,-5.335472583770752,23.882904052734375,7.0
925,-24.969860076904297,-30.354246139526367,6.0
926,-4.054443359375,-17.51152229309082,5.0
927,9.021051406860352,-17.2166748046875,6.0
928,-22.757389068603516,-6.343024253845215,5.0
929,-9.282868385314941,33.3311882019043,8.0
930,-18.734760284423828,10.583327293395996,5.0
931,-25.951393127441406,-13.169648170471191,6.0
932,12.232330322265625,-33.9527702331543,4.0
933,10.237351417541504,-32.09836196899414,5.0
934,34.676109313964844,-22.11020278930664,5.0
935,13.60146427154541,-5.406548500061035,5.0
936,21.55247688293457,26.65146255493164,7.0
937,32.11003494262695,-21.153583526611328,5.0
938,2.9424185752868652,-16.079877853393555,5.0
939,6.227231502532959,-7.5750017166137695,5.0
940,-24.38772201538086,-28.899812698364258,6.0
941,6.023526191711426,-18.752798080444336,6.0
942,-14.774262428283691,38.56588363647461,6.0
943,-15.82939338684082,-8.288982391357422,5.0
944,6.315097332000732,-22.07122039794922,5.0
945,5.433212757110596,36.44728469848633,6.0
946,-8.534292221069336,-4.510689735412598,6.0
947,-6.278489589691162,-21.31001853942871,5.0
948,-24.265682220458984,33.98908615112305,5.0
949,4.840519905090332,-36.094181060791016,5.0
950,-4.196681499481201,38.4295654296875,6.0
951,5.814753532409668,-12.755566596984863,6.0
952,1.8720417022705078,-33.667144775390625,5.0
953,14.091304779052734,13.78681755065918,6.0
954,-5.651585102081299,5.172258377075195,7.0
955,17.904464721679688,0.120167076587677,5.0
956,-11.546943664550781,-18.23383903503418,6.0
957,19.98926544189453,21.829673767089844,5.0
958,-5.240530014038086,-20.504581451416016,5.0
959,-17.852088928222656,-3.2008249759674072,5.0
960,14.714418411254883,-19.48605728149414,5.0
961,5.770788669586182,33.22848129272461,7.0
962,20.462602615356445,-23.265348434448242,5.0
963,-14.287104606628418,12.931248664855957,6.0
964,6.994678020477295,-7.850994110107422,7.0
965,10.352473258972168,-31.217809677124023,5.0
966,-23.120119094848633,14.20125961303711,4.0
967,32.11003494262695,-21.153583526611328,5.0
968,-20.1261043548584,35.91615295410156,7.0
969,-4.040583610534668,29.60563850402832,6.0
970,-0.048409342765808105,1.422178864479065,6.0
971,-18.259784698486328,38.86886978149414,6.0
972,-21.317241668701172,-8.000691413879395,6.0
973,5.096254825592041,44.16293716430664,6.0
974,-27.257822036743164,23.020410537719727,6.0
975,15.077969551086426,13.690855979919434,7.0
976,-2.3797683715820312,7.923659801483154,6.0
977,1.7631311416625977,-23.153932571411133,6.0
978,-11.700348854064941,19.45116424560547,6.0
979,6.5571489334106445,15.286319732666016,7.0
980,-32.18665313720703,-7.116300106048584,7.0
981,-1.7485655546188354,28.77895736694336,7.0
982,31.074321746826172,3.0183939933776855,6.0
983,-10.213065147399902,-24.705442428588867,5.0
984,-5.336784839630127,23.330427169799805,6.0
985,9.646507263183594,25.063451766967773,7.0
986,-23.796897888183594,27.478364944458008,7.0
987,-0.5499132871627808,-34.498008728027344,5.0
988,13.469077110290527,25.54442024230957,7.0
989,6.824268341064453,31.818470001220703,8.0
990,-13.161471366882324,-32.16917037963867,6.0
991,9.41193675994873,-1.1741523742675781,5.0
992,14.988554000854492,-13.011494636535645,5.0
993,-23.239295959472656,10.430583953857422,5.0
994,16.816797256469727,21.524503707885742,7.0
995,2.1670749187469482,-31.23192596435547,5.0
996,14.483720779418945,20.161340713500977,6.0
997,-5.127969264984131,-15.345063209533691,5.0
998,-32.131744384765625,-34.32048416137695,6.0
999,-7.610774040222168,6.472942352294922,6.0
1000,-13.572684288024902,27.711820602416992,7.0
1001,24.552352905273438,-6.9982805252075195,5.0
1002,-6.615534782409668,29.09880256652832,6.0
1003,1.7633792161941528,29.772457122802734,7.0
1004,33.56748580932617,-20.004268646240234,5.0
1005,-17.722749710083008,5.218488693237305,4.0
1006,-0.8868029117584229,-33.14836883544922,6.0
1007,2.667926788330078,19.331470489501953,6.0
1008,-21.556381225585938,-15.259181022644043,6.0
1009,-6.462929725646973,34.72025680541992,6.0
1010,-6.835720539093018,38.540672302246094,7.0
1011,-23.525997161865234,-21.33140754699707,6.0
1012,-24.428348541259766,-13.985350608825684,6.0
1013,-30.922618865966797,-4.520538806915283,6.0
1014,-0.45920950174331665,16.869470596313477,7.0
1015,25.17737579345703,-27.775754928588867,5.0
1016,-17.15839958190918,-12.185770988464355,5.0
1017,-15.747637748718262,-12.5079927444458,7.0
1018,25.622501373291016,-5.753295421600342,5.0
1019,-25.865570068359375,30.56948471069336,6.0
1020,25.6168270111084,-7.515848636627197,6.0
1021,-28.068124771118164,-2.432572364807129,6.0
